Copyright 1986-2022 Xilinx, Inc. All Rights Reserved. Copyright 2022-2025 Advanced Micro Devices, Inc. All Rights Reserved.
------------------------------------------------------------------------------------------------------------------------------------------------------------------------------------------------------------------------------------
| Tool Version : Vivado v.2025.1 (lin64) Build 6140274 Wed May 21 22:58:25 MDT 2025
| Date         : Mon Jul  6 18:20:48 2026
| Host         : pop-os running 64-bit Pop!_OS 22.04 LTS
| Command      : report_timing_summary -max_paths 10 -routable_nets -report_unconstrained -file uart_top_timing_summary_routed.rpt -pb uart_top_timing_summary_routed.pb -rpx uart_top_timing_summary_routed.rpx -warn_on_violation
| Design       : uart_top
| Device       : 7a100t-csg324
| Speed File   : -1  PRODUCTION 1.23 2018-06-13
| Design State : Routed
------------------------------------------------------------------------------------------------------------------------------------------------------------------------------------------------------------------------------------

Timing Summary Report

------------------------------------------------------------------------------------------------
| Timer Settings
| --------------
------------------------------------------------------------------------------------------------

  Enable Multi Corner Analysis               :  Yes
  Enable Pessimism Removal                   :  Yes
  Pessimism Removal Resolution               :  Nearest Common Node
  Enable Input Delay Default Clock           :  No
  Enable Preset / Clear Arcs                 :  No
  Disable Flight Delays                      :  No
  Ignore I/O Paths                           :  No
  Timing Early Launch at Borrowing Latches   :  No
  Borrow Time for Max Delay Exceptions       :  Yes
  Merge Timing Exceptions                    :  Yes
  Inter-SLR Compensation                     :  Conservative

  Corner  Analyze    Analyze    
  Name    Max Paths  Min Paths  
  ------  ---------  ---------  
  Slow    Yes        Yes        
  Fast    Yes        Yes        


------------------------------------------------------------------------------------------------
| Report Methodology
| ------------------
------------------------------------------------------------------------------------------------

Rule       Severity  Description                    Violations  
---------  --------  -----------------------------  ----------  
TIMING-18  Warning   Missing input or output delay  28          

Note: This report is based on the most recent report_methodology run and may not be up-to-date. Run report_methodology on the current design for the latest report.



check_timing report

Table of Contents
-----------------
1. checking no_clock (0)
2. checking constant_clock (0)
3. checking pulse_width_clock (0)
4. checking unconstrained_internal_endpoints (0)
5. checking no_input_delay (11)
6. checking no_output_delay (13)
7. checking multiple_clock (0)
8. checking generated_clocks (0)
9. checking loops (0)
10. checking partial_input_delay (0)
11. checking partial_output_delay (0)
12. checking latch_loops (0)

1. checking no_clock (0)
------------------------
 There are 0 register/latch pins with no clock.


2. checking constant_clock (0)
------------------------------
 There are 0 register/latch pins with constant_clock.


3. checking pulse_width_clock (0)
---------------------------------
 There are 0 register/latch pins which need pulse_width check


4. checking unconstrained_internal_endpoints (0)
------------------------------------------------
 There are 0 pins that are not constrained for maximum delay.

 There are 0 pins that are not constrained for maximum delay due to constant clock.


5. checking no_input_delay (11)
-------------------------------
 There are 11 input ports with no input delay specified. (HIGH)

 There are 0 input ports with no input delay but user has a false path constraint.


6. checking no_output_delay (13)
--------------------------------
 There are 13 ports with no output delay specified. (HIGH)

 There are 0 ports with no output delay but user has a false path constraint

 There are 0 ports with no output delay but with a timing clock defined on it or propagating through it


7. checking multiple_clock (0)
------------------------------
 There are 0 register/latch pins with multiple clocks.


8. checking generated_clocks (0)
--------------------------------
 There are 0 generated clocks that are not connected to a clock source.


9. checking loops (0)
---------------------
 There are 0 combinational loops in the design.


10. checking partial_input_delay (0)
------------------------------------
 There are 0 input ports with partial input delay specified.


11. checking partial_output_delay (0)
-------------------------------------
 There are 0 ports with partial output delay specified.


12. checking latch_loops (0)
----------------------------
 There are 0 combinational latch loops in the design through latch input



------------------------------------------------------------------------------------------------
| Design Timing Summary
| ---------------------
------------------------------------------------------------------------------------------------

    WNS(ns)      TNS(ns)  TNS Failing Endpoints  TNS Total Endpoints      WHS(ns)      THS(ns)  THS Failing Endpoints  THS Total Endpoints     WPWS(ns)     TPWS(ns)  TPWS Failing Endpoints  TPWS Total Endpoints  
    -------      -------  ---------------------  -------------------      -------      -------  ---------------------  -------------------     --------     --------  ----------------------  --------------------  
      5.866        0.000                      0                  123        0.177        0.000                      0                  123        4.500        0.000                       0                   113  


All user specified timing constraints are met.


------------------------------------------------------------------------------------------------
| Clock Summary
| -------------
------------------------------------------------------------------------------------------------

Clock        Waveform(ns)       Period(ns)      Frequency(MHz)
-----        ------------       ----------      --------------
sys_clk_pin  {0.000 5.000}      10.000          100.000         


------------------------------------------------------------------------------------------------
| Intra Clock Table
| -----------------
------------------------------------------------------------------------------------------------

Clock             WNS(ns)      TNS(ns)  TNS Failing Endpoints  TNS Total Endpoints      WHS(ns)      THS(ns)  THS Failing Endpoints  THS Total Endpoints     WPWS(ns)     TPWS(ns)  TPWS Failing Endpoints  TPWS Total Endpoints  
-----             -------      -------  ---------------------  -------------------      -------      -------  ---------------------  -------------------     --------     --------  ----------------------  --------------------  
sys_clk_pin         5.866        0.000                      0                  123        0.177        0.000                      0                  123        4.500        0.000                       0                   113  


------------------------------------------------------------------------------------------------
| Inter Clock Table
| -----------------
------------------------------------------------------------------------------------------------

From Clock    To Clock          WNS(ns)      TNS(ns)  TNS Failing Endpoints  TNS Total Endpoints      WHS(ns)      THS(ns)  THS Failing Endpoints  THS Total Endpoints  
----------    --------          -------      -------  ---------------------  -------------------      -------      -------  ---------------------  -------------------  


------------------------------------------------------------------------------------------------
| Other Path Groups Table
| -----------------------
------------------------------------------------------------------------------------------------

Path Group    From Clock    To Clock          WNS(ns)      TNS(ns)  TNS Failing Endpoints  TNS Total Endpoints      WHS(ns)      THS(ns)  THS Failing Endpoints  THS Total Endpoints  
----------    ----------    --------          -------      -------  ---------------------  -------------------      -------      -------  ---------------------  -------------------  


------------------------------------------------------------------------------------------------
| User Ignored Path Table
| -----------------------
------------------------------------------------------------------------------------------------

Path Group    From Clock    To Clock    
----------    ----------    --------    


------------------------------------------------------------------------------------------------
| Unconstrained Path Table
| ------------------------
------------------------------------------------------------------------------------------------

Path Group    From Clock    To Clock    
----------    ----------    --------    
(none)        sys_clk_pin                 
(none)                      sys_clk_pin   


------------------------------------------------------------------------------------------------
| Timing Details
| --------------
------------------------------------------------------------------------------------------------


---------------------------------------------------------------------------------------------------
From Clock:  sys_clk_pin
  To Clock:  sys_clk_pin

Setup :            0  Failing Endpoints,  Worst Slack        5.866ns,  Total Violation        0.000ns
Hold  :            0  Failing Endpoints,  Worst Slack        0.177ns,  Total Violation        0.000ns
PW    :            0  Failing Endpoints,  Worst Slack        4.500ns,  Total Violation        0.000ns
---------------------------------------------------------------------------------------------------


Max Delay Paths
--------------------------------------------------------------------------------------
Slack (MET) :             5.866ns  (required time - arrival time)
  Source:                 tx_baud_gen/count_reg[4]/C
                            (rising edge-triggered cell FDCE clocked by sys_clk_pin  {rise@0.000ns fall@5.000ns period=10.000ns})
  Destination:            tx_baud_gen/count_reg[31]/D
                            (rising edge-triggered cell FDCE clocked by sys_clk_pin  {rise@0.000ns fall@5.000ns period=10.000ns})
  Path Group:             sys_clk_pin
  Path Type:              Setup (Max at Slow Process Corner)
  Requirement:            10.000ns  (sys_clk_pin rise@10.000ns - sys_clk_pin rise@0.000ns)
  Data Path Delay:        4.148ns  (logic 0.890ns (21.456%)  route 3.258ns (78.544%))
  Logic Levels:           3  (LUT4=1 LUT5=2)
  Clock Path Skew:        -0.030ns (DCD - SCD + CPR)
    Destination Clock Delay (DCD):    5.021ns = ( 15.021 - 10.000 ) 
    Source Clock Delay      (SCD):    5.326ns
    Clock Pessimism Removal (CPR):    0.275ns
  Clock Uncertainty:      0.035ns  ((TSJ^2 + TIJ^2)^1/2 + DJ) / 2 + PE
    Total System Jitter     (TSJ):    0.071ns
    Total Input Jitter      (TIJ):    0.000ns
    Discrete Jitter          (DJ):    0.000ns
    Phase Error              (PE):    0.000ns

    Location             Delay type                Incr(ns)  Path(ns)    Netlist Resource(s)
  -------------------------------------------------------------------    -------------------
                         (clock sys_clk_pin rise edge)
                                                      0.000     0.000 r  
    E3                                                0.000     0.000 r  CLK100MHZ (IN)
                         net (fo=0)                   0.000     0.000    CLK100MHZ
    E3                   IBUF (Prop_ibuf_I_O)         1.482     1.482 r  CLK100MHZ_IBUF_inst/O
                         net (fo=1, routed)           2.025     3.506    CLK100MHZ_IBUF
    BUFGCTRL_X0Y16       BUFG (Prop_bufg_I_O)         0.096     3.602 r  CLK100MHZ_IBUF_BUFG_inst/O
                         net (fo=112, routed)         1.723     5.326    tx_baud_gen/CLK
    SLICE_X2Y60          FDCE                                         r  tx_baud_gen/count_reg[4]/C
  -------------------------------------------------------------------    -------------------
    SLICE_X2Y60          FDCE (Prop_fdce_C_Q)         0.518     5.844 r  tx_baud_gen/count_reg[4]/Q
                         net (fo=2, routed)           0.954     6.798    tx_baud_gen/count[4]
    SLICE_X0Y61          LUT4 (Prop_lut4_I1_O)        0.124     6.922 r  tx_baud_gen/count[31]_i_9/O
                         net (fo=1, routed)           0.416     7.338    tx_baud_gen/count[31]_i_9_n_0
    SLICE_X0Y60          LUT5 (Prop_lut5_I4_O)        0.124     7.462 r  tx_baud_gen/count[31]_i_4/O
                         net (fo=32, routed)          1.888     9.350    tx_baud_gen/count[31]_i_4_n_0
    SLICE_X2Y66          LUT5 (Prop_lut5_I2_O)        0.124     9.474 r  tx_baud_gen/count[31]_i_1/O
                         net (fo=1, routed)           0.000     9.474    tx_baud_gen/count_0[31]
    SLICE_X2Y66          FDCE                                         r  tx_baud_gen/count_reg[31]/D
  -------------------------------------------------------------------    -------------------

                         (clock sys_clk_pin rise edge)
                                                     10.000    10.000 r  
    E3                                                0.000    10.000 r  CLK100MHZ (IN)
                         net (fo=0)                   0.000    10.000    CLK100MHZ
    E3                   IBUF (Prop_ibuf_I_O)         1.411    11.411 r  CLK100MHZ_IBUF_inst/O
                         net (fo=1, routed)           1.920    13.331    CLK100MHZ_IBUF
    BUFGCTRL_X0Y16       BUFG (Prop_bufg_I_O)         0.091    13.422 r  CLK100MHZ_IBUF_BUFG_inst/O
                         net (fo=112, routed)         1.598    15.021    tx_baud_gen/CLK
    SLICE_X2Y66          FDCE                                         r  tx_baud_gen/count_reg[31]/C
                         clock pessimism              0.275    15.296    
                         clock uncertainty           -0.035    15.260    
    SLICE_X2Y66          FDCE (Setup_fdce_C_D)        0.079    15.339    tx_baud_gen/count_reg[31]
  -------------------------------------------------------------------
                         required time                         15.339    
                         arrival time                          -9.474    
  -------------------------------------------------------------------
                         slack                                  5.866    

Slack (MET) :             5.885ns  (required time - arrival time)
  Source:                 tx_baud_gen/count_reg[4]/C
                            (rising edge-triggered cell FDCE clocked by sys_clk_pin  {rise@0.000ns fall@5.000ns period=10.000ns})
  Destination:            tx_baud_gen/count_reg[30]/D
                            (rising edge-triggered cell FDCE clocked by sys_clk_pin  {rise@0.000ns fall@5.000ns period=10.000ns})
  Path Group:             sys_clk_pin
  Path Type:              Setup (Max at Slow Process Corner)
  Requirement:            10.000ns  (sys_clk_pin rise@10.000ns - sys_clk_pin rise@0.000ns)
  Data Path Delay:        4.129ns  (logic 0.890ns (21.554%)  route 3.239ns (78.446%))
  Logic Levels:           3  (LUT4=1 LUT5=2)
  Clock Path Skew:        -0.030ns (DCD - SCD + CPR)
    Destination Clock Delay (DCD):    5.021ns = ( 15.021 - 10.000 ) 
    Source Clock Delay      (SCD):    5.326ns
    Clock Pessimism Removal (CPR):    0.275ns
  Clock Uncertainty:      0.035ns  ((TSJ^2 + TIJ^2)^1/2 + DJ) / 2 + PE
    Total System Jitter     (TSJ):    0.071ns
    Total Input Jitter      (TIJ):    0.000ns
    Discrete Jitter          (DJ):    0.000ns
    Phase Error              (PE):    0.000ns

    Location             Delay type                Incr(ns)  Path(ns)    Netlist Resource(s)
  -------------------------------------------------------------------    -------------------
                         (clock sys_clk_pin rise edge)
                                                      0.000     0.000 r  
    E3                                                0.000     0.000 r  CLK100MHZ (IN)
                         net (fo=0)                   0.000     0.000    CLK100MHZ
    E3                   IBUF (Prop_ibuf_I_O)         1.482     1.482 r  CLK100MHZ_IBUF_inst/O
                         net (fo=1, routed)           2.025     3.506    CLK100MHZ_IBUF
    BUFGCTRL_X0Y16       BUFG (Prop_bufg_I_O)         0.096     3.602 r  CLK100MHZ_IBUF_BUFG_inst/O
                         net (fo=112, routed)         1.723     5.326    tx_baud_gen/CLK
    SLICE_X2Y60          FDCE                                         r  tx_baud_gen/count_reg[4]/C
  -------------------------------------------------------------------    -------------------
    SLICE_X2Y60          FDCE (Prop_fdce_C_Q)         0.518     5.844 r  tx_baud_gen/count_reg[4]/Q
                         net (fo=2, routed)           0.954     6.798    tx_baud_gen/count[4]
    SLICE_X0Y61          LUT4 (Prop_lut4_I1_O)        0.124     6.922 r  tx_baud_gen/count[31]_i_9/O
                         net (fo=1, routed)           0.416     7.338    tx_baud_gen/count[31]_i_9_n_0
    SLICE_X0Y60          LUT5 (Prop_lut5_I4_O)        0.124     7.462 r  tx_baud_gen/count[31]_i_4/O
                         net (fo=32, routed)          1.869     9.331    tx_baud_gen/count[31]_i_4_n_0
    SLICE_X2Y66          LUT5 (Prop_lut5_I2_O)        0.124     9.455 r  tx_baud_gen/count[30]_i_1/O
                         net (fo=1, routed)           0.000     9.455    tx_baud_gen/count_0[30]
    SLICE_X2Y66          FDCE                                         r  tx_baud_gen/count_reg[30]/D
  -------------------------------------------------------------------    -------------------

                         (clock sys_clk_pin rise edge)
                                                     10.000    10.000 r  
    E3                                                0.000    10.000 r  CLK100MHZ (IN)
                         net (fo=0)                   0.000    10.000    CLK100MHZ
    E3                   IBUF (Prop_ibuf_I_O)         1.411    11.411 r  CLK100MHZ_IBUF_inst/O
                         net (fo=1, routed)           1.920    13.331    CLK100MHZ_IBUF
    BUFGCTRL_X0Y16       BUFG (Prop_bufg_I_O)         0.091    13.422 r  CLK100MHZ_IBUF_BUFG_inst/O
                         net (fo=112, routed)         1.598    15.021    tx_baud_gen/CLK
    SLICE_X2Y66          FDCE                                         r  tx_baud_gen/count_reg[30]/C
                         clock pessimism              0.275    15.296    
                         clock uncertainty           -0.035    15.260    
    SLICE_X2Y66          FDCE (Setup_fdce_C_D)        0.079    15.339    tx_baud_gen/count_reg[30]
  -------------------------------------------------------------------
                         required time                         15.339    
                         arrival time                          -9.455    
  -------------------------------------------------------------------
                         slack                                  5.885    

Slack (MET) :             5.895ns  (required time - arrival time)
  Source:                 tx_baud_gen/count_reg[4]/C
                            (rising edge-triggered cell FDCE clocked by sys_clk_pin  {rise@0.000ns fall@5.000ns period=10.000ns})
  Destination:            tx_baud_gen/tick_reg/D
                            (rising edge-triggered cell FDCE clocked by sys_clk_pin  {rise@0.000ns fall@5.000ns period=10.000ns})
  Path Group:             sys_clk_pin
  Path Type:              Setup (Max at Slow Process Corner)
  Requirement:            10.000ns  (sys_clk_pin rise@10.000ns - sys_clk_pin rise@0.000ns)
  Data Path Delay:        4.158ns  (logic 0.919ns (22.101%)  route 3.239ns (77.899%))
  Logic Levels:           3  (LUT4=2 LUT5=1)
  Clock Path Skew:        -0.030ns (DCD - SCD + CPR)
    Destination Clock Delay (DCD):    5.021ns = ( 15.021 - 10.000 ) 
    Source Clock Delay      (SCD):    5.326ns
    Clock Pessimism Removal (CPR):    0.275ns
  Clock Uncertainty:      0.035ns  ((TSJ^2 + TIJ^2)^1/2 + DJ) / 2 + PE
    Total System Jitter     (TSJ):    0.071ns
    Total Input Jitter      (TIJ):    0.000ns
    Discrete Jitter          (DJ):    0.000ns
    Phase Error              (PE):    0.000ns

    Location             Delay type                Incr(ns)  Path(ns)    Netlist Resource(s)
  -------------------------------------------------------------------    -------------------
                         (clock sys_clk_pin rise edge)
                                                      0.000     0.000 r  
    E3                                                0.000     0.000 r  CLK100MHZ (IN)
                         net (fo=0)                   0.000     0.000    CLK100MHZ
    E3                   IBUF (Prop_ibuf_I_O)         1.482     1.482 r  CLK100MHZ_IBUF_inst/O
                         net (fo=1, routed)           2.025     3.506    CLK100MHZ_IBUF
    BUFGCTRL_X0Y16       BUFG (Prop_bufg_I_O)         0.096     3.602 r  CLK100MHZ_IBUF_BUFG_inst/O
                         net (fo=112, routed)         1.723     5.326    tx_baud_gen/CLK
    SLICE_X2Y60          FDCE                                         r  tx_baud_gen/count_reg[4]/C
  -------------------------------------------------------------------    -------------------
    SLICE_X2Y60          FDCE (Prop_fdce_C_Q)         0.518     5.844 f  tx_baud_gen/count_reg[4]/Q
                         net (fo=2, routed)           0.954     6.798    tx_baud_gen/count[4]
    SLICE_X0Y61          LUT4 (Prop_lut4_I1_O)        0.124     6.922 f  tx_baud_gen/count[31]_i_9/O
                         net (fo=1, routed)           0.416     7.338    tx_baud_gen/count[31]_i_9_n_0
    SLICE_X0Y60          LUT5 (Prop_lut5_I4_O)        0.124     7.462 f  tx_baud_gen/count[31]_i_4/O
                         net (fo=32, routed)          1.869     9.331    tx_baud_gen/count[31]_i_4_n_0
    SLICE_X2Y66          LUT4 (Prop_lut4_I2_O)        0.153     9.484 r  tx_baud_gen/tick_i_1/O
                         net (fo=1, routed)           0.000     9.484    tx_baud_gen/tick
    SLICE_X2Y66          FDCE                                         r  tx_baud_gen/tick_reg/D
  -------------------------------------------------------------------    -------------------

                         (clock sys_clk_pin rise edge)
                                                     10.000    10.000 r  
    E3                                                0.000    10.000 r  CLK100MHZ (IN)
                         net (fo=0)                   0.000    10.000    CLK100MHZ
    E3                   IBUF (Prop_ibuf_I_O)         1.411    11.411 r  CLK100MHZ_IBUF_inst/O
                         net (fo=1, routed)           1.920    13.331    CLK100MHZ_IBUF
    BUFGCTRL_X0Y16       BUFG (Prop_bufg_I_O)         0.091    13.422 r  CLK100MHZ_IBUF_BUFG_inst/O
                         net (fo=112, routed)         1.598    15.021    tx_baud_gen/CLK
    SLICE_X2Y66          FDCE                                         r  tx_baud_gen/tick_reg/C
                         clock pessimism              0.275    15.296    
                         clock uncertainty           -0.035    15.260    
    SLICE_X2Y66          FDCE (Setup_fdce_C_D)        0.118    15.378    tx_baud_gen/tick_reg
  -------------------------------------------------------------------
                         required time                         15.378    
                         arrival time                          -9.484    
  -------------------------------------------------------------------
                         slack                                  5.895    

Slack (MET) :             6.024ns  (required time - arrival time)
  Source:                 tx_baud_gen/count_reg[20]/C
                            (rising edge-triggered cell FDCE clocked by sys_clk_pin  {rise@0.000ns fall@5.000ns period=10.000ns})
  Destination:            tx_baud_gen/count_reg[25]/D
                            (rising edge-triggered cell FDCE clocked by sys_clk_pin  {rise@0.000ns fall@5.000ns period=10.000ns})
  Path Group:             sys_clk_pin
  Path Type:              Setup (Max at Slow Process Corner)
  Requirement:            10.000ns  (sys_clk_pin rise@10.000ns - sys_clk_pin rise@0.000ns)
  Data Path Delay:        3.942ns  (logic 0.890ns (22.576%)  route 3.052ns (77.424%))
  Logic Levels:           3  (LUT4=1 LUT5=2)
  Clock Path Skew:        -0.027ns (DCD - SCD + CPR)
    Destination Clock Delay (DCD):    5.021ns = ( 15.021 - 10.000 ) 
    Source Clock Delay      (SCD):    5.323ns
    Clock Pessimism Removal (CPR):    0.275ns
  Clock Uncertainty:      0.035ns  ((TSJ^2 + TIJ^2)^1/2 + DJ) / 2 + PE
    Total System Jitter     (TSJ):    0.071ns
    Total Input Jitter      (TIJ):    0.000ns
    Discrete Jitter          (DJ):    0.000ns
    Phase Error              (PE):    0.000ns

    Location             Delay type                Incr(ns)  Path(ns)    Netlist Resource(s)
  -------------------------------------------------------------------    -------------------
                         (clock sys_clk_pin rise edge)
                                                      0.000     0.000 r  
    E3                                                0.000     0.000 r  CLK100MHZ (IN)
                         net (fo=0)                   0.000     0.000    CLK100MHZ
    E3                   IBUF (Prop_ibuf_I_O)         1.482     1.482 r  CLK100MHZ_IBUF_inst/O
                         net (fo=1, routed)           2.025     3.506    CLK100MHZ_IBUF
    BUFGCTRL_X0Y16       BUFG (Prop_bufg_I_O)         0.096     3.602 r  CLK100MHZ_IBUF_BUFG_inst/O
                         net (fo=112, routed)         1.720     5.323    tx_baud_gen/CLK
    SLICE_X2Y64          FDCE                                         r  tx_baud_gen/count_reg[20]/C
  -------------------------------------------------------------------    -------------------
    SLICE_X2Y64          FDCE (Prop_fdce_C_Q)         0.518     5.841 r  tx_baud_gen/count_reg[20]/Q
                         net (fo=2, routed)           1.102     6.943    tx_baud_gen/count[20]
    SLICE_X0Y65          LUT4 (Prop_lut4_I1_O)        0.124     7.067 r  tx_baud_gen/count[31]_i_7/O
                         net (fo=1, routed)           0.421     7.488    tx_baud_gen/count[31]_i_7_n_0
    SLICE_X0Y64          LUT5 (Prop_lut5_I4_O)        0.124     7.612 r  tx_baud_gen/count[31]_i_2/O
                         net (fo=32, routed)          1.529     9.141    tx_baud_gen/count[31]_i_2_n_0
    SLICE_X0Y66          LUT5 (Prop_lut5_I0_O)        0.124     9.265 r  tx_baud_gen/count[25]_i_1/O
                         net (fo=1, routed)           0.000     9.265    tx_baud_gen/count_0[25]
    SLICE_X0Y66          FDCE                                         r  tx_baud_gen/count_reg[25]/D
  -------------------------------------------------------------------    -------------------

                         (clock sys_clk_pin rise edge)
                                                     10.000    10.000 r  
    E3                                                0.000    10.000 r  CLK100MHZ (IN)
                         net (fo=0)                   0.000    10.000    CLK100MHZ
    E3                   IBUF (Prop_ibuf_I_O)         1.411    11.411 r  CLK100MHZ_IBUF_inst/O
                         net (fo=1, routed)           1.920    13.331    CLK100MHZ_IBUF
    BUFGCTRL_X0Y16       BUFG (Prop_bufg_I_O)         0.091    13.422 r  CLK100MHZ_IBUF_BUFG_inst/O
                         net (fo=112, routed)         1.598    15.021    tx_baud_gen/CLK
    SLICE_X0Y66          FDCE                                         r  tx_baud_gen/count_reg[25]/C
                         clock pessimism              0.275    15.296    
                         clock uncertainty           -0.035    15.260    
    SLICE_X0Y66          FDCE (Setup_fdce_C_D)        0.029    15.289    tx_baud_gen/count_reg[25]
  -------------------------------------------------------------------
                         required time                         15.289    
                         arrival time                          -9.265    
  -------------------------------------------------------------------
                         slack                                  6.024    

Slack (MET) :             6.034ns  (required time - arrival time)
  Source:                 tx_baud_gen/count_reg[20]/C
                            (rising edge-triggered cell FDCE clocked by sys_clk_pin  {rise@0.000ns fall@5.000ns period=10.000ns})
  Destination:            tx_baud_gen/count_reg[4]/D
                            (rising edge-triggered cell FDCE clocked by sys_clk_pin  {rise@0.000ns fall@5.000ns period=10.000ns})
  Path Group:             sys_clk_pin
  Path Type:              Setup (Max at Slow Process Corner)
  Requirement:            10.000ns  (sys_clk_pin rise@10.000ns - sys_clk_pin rise@0.000ns)
  Data Path Delay:        3.985ns  (logic 0.890ns (22.332%)  route 3.095ns (77.668%))
  Logic Levels:           3  (LUT4=1 LUT5=2)
  Clock Path Skew:        -0.022ns (DCD - SCD + CPR)
    Destination Clock Delay (DCD):    5.026ns = ( 15.026 - 10.000 ) 
    Source Clock Delay      (SCD):    5.323ns
    Clock Pessimism Removal (CPR):    0.275ns
  Clock Uncertainty:      0.035ns  ((TSJ^2 + TIJ^2)^1/2 + DJ) / 2 + PE
    Total System Jitter     (TSJ):    0.071ns
    Total Input Jitter      (TIJ):    0.000ns
    Discrete Jitter          (DJ):    0.000ns
    Phase Error              (PE):    0.000ns

    Location             Delay type                Incr(ns)  Path(ns)    Netlist Resource(s)
  -------------------------------------------------------------------    -------------------
                         (clock sys_clk_pin rise edge)
                                                      0.000     0.000 r  
    E3                                                0.000     0.000 r  CLK100MHZ (IN)
                         net (fo=0)                   0.000     0.000    CLK100MHZ
    E3                   IBUF (Prop_ibuf_I_O)         1.482     1.482 r  CLK100MHZ_IBUF_inst/O
                         net (fo=1, routed)           2.025     3.506    CLK100MHZ_IBUF
    BUFGCTRL_X0Y16       BUFG (Prop_bufg_I_O)         0.096     3.602 r  CLK100MHZ_IBUF_BUFG_inst/O
                         net (fo=112, routed)         1.720     5.323    tx_baud_gen/CLK
    SLICE_X2Y64          FDCE                                         r  tx_baud_gen/count_reg[20]/C
  -------------------------------------------------------------------    -------------------
    SLICE_X2Y64          FDCE (Prop_fdce_C_Q)         0.518     5.841 r  tx_baud_gen/count_reg[20]/Q
                         net (fo=2, routed)           1.102     6.943    tx_baud_gen/count[20]
    SLICE_X0Y65          LUT4 (Prop_lut4_I1_O)        0.124     7.067 r  tx_baud_gen/count[31]_i_7/O
                         net (fo=1, routed)           0.421     7.488    tx_baud_gen/count[31]_i_7_n_0
    SLICE_X0Y64          LUT5 (Prop_lut5_I4_O)        0.124     7.612 r  tx_baud_gen/count[31]_i_2/O
                         net (fo=32, routed)          1.573     9.184    tx_baud_gen/count[31]_i_2_n_0
    SLICE_X2Y60          LUT5 (Prop_lut5_I0_O)        0.124     9.308 r  tx_baud_gen/count[4]_i_1/O
                         net (fo=1, routed)           0.000     9.308    tx_baud_gen/count_0[4]
    SLICE_X2Y60          FDCE                                         r  tx_baud_gen/count_reg[4]/D
  -------------------------------------------------------------------    -------------------

                         (clock sys_clk_pin rise edge)
                                                     10.000    10.000 r  
    E3                                                0.000    10.000 r  CLK100MHZ (IN)
                         net (fo=0)                   0.000    10.000    CLK100MHZ
    E3                   IBUF (Prop_ibuf_I_O)         1.411    11.411 r  CLK100MHZ_IBUF_inst/O
                         net (fo=1, routed)           1.920    13.331    CLK100MHZ_IBUF
    BUFGCTRL_X0Y16       BUFG (Prop_bufg_I_O)         0.091    13.422 r  CLK100MHZ_IBUF_BUFG_inst/O
                         net (fo=112, routed)         1.603    15.026    tx_baud_gen/CLK
    SLICE_X2Y60          FDCE                                         r  tx_baud_gen/count_reg[4]/C
                         clock pessimism              0.275    15.301    
                         clock uncertainty           -0.035    15.265    
    SLICE_X2Y60          FDCE (Setup_fdce_C_D)        0.077    15.342    tx_baud_gen/count_reg[4]
  -------------------------------------------------------------------
                         required time                         15.342    
                         arrival time                          -9.308    
  -------------------------------------------------------------------
                         slack                                  6.034    

Slack (MET) :             6.053ns  (required time - arrival time)
  Source:                 tx_baud_gen/count_reg[4]/C
                            (rising edge-triggered cell FDCE clocked by sys_clk_pin  {rise@0.000ns fall@5.000ns period=10.000ns})
  Destination:            tx_baud_gen/count_reg[19]/D
                            (rising edge-triggered cell FDCE clocked by sys_clk_pin  {rise@0.000ns fall@5.000ns period=10.000ns})
  Path Group:             sys_clk_pin
  Path Type:              Setup (Max at Slow Process Corner)
  Requirement:            10.000ns  (sys_clk_pin rise@10.000ns - sys_clk_pin rise@0.000ns)
  Data Path Delay:        3.961ns  (logic 0.890ns (22.469%)  route 3.071ns (77.531%))
  Logic Levels:           3  (LUT4=1 LUT5=2)
  Clock Path Skew:        -0.028ns (DCD - SCD + CPR)
    Destination Clock Delay (DCD):    5.023ns = ( 15.023 - 10.000 ) 
    Source Clock Delay      (SCD):    5.326ns
    Clock Pessimism Removal (CPR):    0.275ns
  Clock Uncertainty:      0.035ns  ((TSJ^2 + TIJ^2)^1/2 + DJ) / 2 + PE
    Total System Jitter     (TSJ):    0.071ns
    Total Input Jitter      (TIJ):    0.000ns
    Discrete Jitter          (DJ):    0.000ns
    Phase Error              (PE):    0.000ns

    Location             Delay type                Incr(ns)  Path(ns)    Netlist Resource(s)
  -------------------------------------------------------------------    -------------------
                         (clock sys_clk_pin rise edge)
                                                      0.000     0.000 r  
    E3                                                0.000     0.000 r  CLK100MHZ (IN)
                         net (fo=0)                   0.000     0.000    CLK100MHZ
    E3                   IBUF (Prop_ibuf_I_O)         1.482     1.482 r  CLK100MHZ_IBUF_inst/O
                         net (fo=1, routed)           2.025     3.506    CLK100MHZ_IBUF
    BUFGCTRL_X0Y16       BUFG (Prop_bufg_I_O)         0.096     3.602 r  CLK100MHZ_IBUF_BUFG_inst/O
                         net (fo=112, routed)         1.723     5.326    tx_baud_gen/CLK
    SLICE_X2Y60          FDCE                                         r  tx_baud_gen/count_reg[4]/C
  -------------------------------------------------------------------    -------------------
    SLICE_X2Y60          FDCE (Prop_fdce_C_Q)         0.518     5.844 r  tx_baud_gen/count_reg[4]/Q
                         net (fo=2, routed)           0.954     6.798    tx_baud_gen/count[4]
    SLICE_X0Y61          LUT4 (Prop_lut4_I1_O)        0.124     6.922 r  tx_baud_gen/count[31]_i_9/O
                         net (fo=1, routed)           0.416     7.338    tx_baud_gen/count[31]_i_9_n_0
    SLICE_X0Y60          LUT5 (Prop_lut5_I4_O)        0.124     7.462 r  tx_baud_gen/count[31]_i_4/O
                         net (fo=32, routed)          1.701     9.163    tx_baud_gen/count[31]_i_4_n_0
    SLICE_X2Y64          LUT5 (Prop_lut5_I2_O)        0.124     9.287 r  tx_baud_gen/count[19]_i_1/O
                         net (fo=1, routed)           0.000     9.287    tx_baud_gen/count_0[19]
    SLICE_X2Y64          FDCE                                         r  tx_baud_gen/count_reg[19]/D
  -------------------------------------------------------------------    -------------------

                         (clock sys_clk_pin rise edge)
                                                     10.000    10.000 r  
    E3                                                0.000    10.000 r  CLK100MHZ (IN)
                         net (fo=0)                   0.000    10.000    CLK100MHZ
    E3                   IBUF (Prop_ibuf_I_O)         1.411    11.411 r  CLK100MHZ_IBUF_inst/O
                         net (fo=1, routed)           1.920    13.331    CLK100MHZ_IBUF
    BUFGCTRL_X0Y16       BUFG (Prop_bufg_I_O)         0.091    13.422 r  CLK100MHZ_IBUF_BUFG_inst/O
                         net (fo=112, routed)         1.600    15.023    tx_baud_gen/CLK
    SLICE_X2Y64          FDCE                                         r  tx_baud_gen/count_reg[19]/C
                         clock pessimism              0.275    15.298    
                         clock uncertainty           -0.035    15.262    
    SLICE_X2Y64          FDCE (Setup_fdce_C_D)        0.077    15.339    tx_baud_gen/count_reg[19]
  -------------------------------------------------------------------
                         required time                         15.339    
                         arrival time                          -9.287    
  -------------------------------------------------------------------
                         slack                                  6.053    

Slack (MET) :             6.149ns  (required time - arrival time)
  Source:                 rx_baud_gen/count_reg[6]/C
                            (rising edge-triggered cell FDCE clocked by sys_clk_pin  {rise@0.000ns fall@5.000ns period=10.000ns})
  Destination:            rx_baud_gen/count_reg[29]/D
                            (rising edge-triggered cell FDCE clocked by sys_clk_pin  {rise@0.000ns fall@5.000ns period=10.000ns})
  Path Group:             sys_clk_pin
  Path Type:              Setup (Max at Slow Process Corner)
  Requirement:            10.000ns  (sys_clk_pin rise@10.000ns - sys_clk_pin rise@0.000ns)
  Data Path Delay:        3.815ns  (logic 0.828ns (21.704%)  route 2.987ns (78.296%))
  Logic Levels:           3  (LUT4=1 LUT5=2)
  Clock Path Skew:        -0.030ns (DCD - SCD + CPR)
    Destination Clock Delay (DCD):    5.019ns = ( 15.019 - 10.000 ) 
    Source Clock Delay      (SCD):    5.325ns
    Clock Pessimism Removal (CPR):    0.276ns
  Clock Uncertainty:      0.035ns  ((TSJ^2 + TIJ^2)^1/2 + DJ) / 2 + PE
    Total System Jitter     (TSJ):    0.071ns
    Total Input Jitter      (TIJ):    0.000ns
    Discrete Jitter          (DJ):    0.000ns
    Phase Error              (PE):    0.000ns

    Location             Delay type                Incr(ns)  Path(ns)    Netlist Resource(s)
  -------------------------------------------------------------------    -------------------
                         (clock sys_clk_pin rise edge)
                                                      0.000     0.000 r  
    E3                                                0.000     0.000 r  CLK100MHZ (IN)
                         net (fo=0)                   0.000     0.000    CLK100MHZ
    E3                   IBUF (Prop_ibuf_I_O)         1.482     1.482 r  CLK100MHZ_IBUF_inst/O
                         net (fo=1, routed)           2.025     3.506    CLK100MHZ_IBUF
    BUFGCTRL_X0Y16       BUFG (Prop_bufg_I_O)         0.096     3.602 r  CLK100MHZ_IBUF_BUFG_inst/O
                         net (fo=112, routed)         1.722     5.325    rx_baud_gen/CLK
    SLICE_X5Y60          FDCE                                         r  rx_baud_gen/count_reg[6]/C
  -------------------------------------------------------------------    -------------------
    SLICE_X5Y60          FDCE (Prop_fdce_C_Q)         0.456     5.781 r  rx_baud_gen/count_reg[6]/Q
                         net (fo=2, routed)           0.835     6.616    rx_baud_gen/count_reg_n_0_[6]
    SLICE_X6Y60          LUT4 (Prop_lut4_I1_O)        0.124     6.740 r  rx_baud_gen/count[31]_i_6/O
                         net (fo=1, routed)           0.427     7.167    rx_baud_gen/count[31]_i_6_n_0
    SLICE_X6Y59          LUT5 (Prop_lut5_I4_O)        0.124     7.291 r  rx_baud_gen/count[31]_i_3__0/O
                         net (fo=33, routed)          1.725     9.016    rx_baud_gen/count[31]_i_3__0_n_0
    SLICE_X5Y66          LUT5 (Prop_lut5_I2_O)        0.124     9.140 r  rx_baud_gen/count[29]_i_1__0/O
                         net (fo=1, routed)           0.000     9.140    rx_baud_gen/count[29]
    SLICE_X5Y66          FDCE                                         r  rx_baud_gen/count_reg[29]/D
  -------------------------------------------------------------------    -------------------

                         (clock sys_clk_pin rise edge)
                                                     10.000    10.000 r  
    E3                                                0.000    10.000 r  CLK100MHZ (IN)
                         net (fo=0)                   0.000    10.000    CLK100MHZ
    E3                   IBUF (Prop_ibuf_I_O)         1.411    11.411 r  CLK100MHZ_IBUF_inst/O
                         net (fo=1, routed)           1.920    13.331    CLK100MHZ_IBUF
    BUFGCTRL_X0Y16       BUFG (Prop_bufg_I_O)         0.091    13.422 r  CLK100MHZ_IBUF_BUFG_inst/O
                         net (fo=112, routed)         1.596    15.019    rx_baud_gen/CLK
    SLICE_X5Y66          FDCE                                         r  rx_baud_gen/count_reg[29]/C
                         clock pessimism              0.276    15.295    
                         clock uncertainty           -0.035    15.259    
    SLICE_X5Y66          FDCE (Setup_fdce_C_D)        0.029    15.288    rx_baud_gen/count_reg[29]
  -------------------------------------------------------------------
                         required time                         15.288    
                         arrival time                          -9.140    
  -------------------------------------------------------------------
                         slack                                  6.149    

Slack (MET) :             6.167ns  (required time - arrival time)
  Source:                 rx_baud_gen/count_reg[6]/C
                            (rising edge-triggered cell FDCE clocked by sys_clk_pin  {rise@0.000ns fall@5.000ns period=10.000ns})
  Destination:            rx_baud_gen/count_reg[25]/D
                            (rising edge-triggered cell FDCE clocked by sys_clk_pin  {rise@0.000ns fall@5.000ns period=10.000ns})
  Path Group:             sys_clk_pin
  Path Type:              Setup (Max at Slow Process Corner)
  Requirement:            10.000ns  (sys_clk_pin rise@10.000ns - sys_clk_pin rise@0.000ns)
  Data Path Delay:        3.846ns  (logic 0.828ns (21.529%)  route 3.018ns (78.471%))
  Logic Levels:           3  (LUT4=1 LUT5=2)
  Clock Path Skew:        -0.029ns (DCD - SCD + CPR)
    Destination Clock Delay (DCD):    5.020ns = ( 15.020 - 10.000 ) 
    Source Clock Delay      (SCD):    5.325ns
    Clock Pessimism Removal (CPR):    0.276ns
  Clock Uncertainty:      0.035ns  ((TSJ^2 + TIJ^2)^1/2 + DJ) / 2 + PE
    Total System Jitter     (TSJ):    0.071ns
    Total Input Jitter      (TIJ):    0.000ns
    Discrete Jitter          (DJ):    0.000ns
    Phase Error              (PE):    0.000ns

    Location             Delay type                Incr(ns)  Path(ns)    Netlist Resource(s)
  -------------------------------------------------------------------    -------------------
                         (clock sys_clk_pin rise edge)
                                                      0.000     0.000 r  
    E3                                                0.000     0.000 r  CLK100MHZ (IN)
                         net (fo=0)                   0.000     0.000    CLK100MHZ
    E3                   IBUF (Prop_ibuf_I_O)         1.482     1.482 r  CLK100MHZ_IBUF_inst/O
                         net (fo=1, routed)           2.025     3.506    CLK100MHZ_IBUF
    BUFGCTRL_X0Y16       BUFG (Prop_bufg_I_O)         0.096     3.602 r  CLK100MHZ_IBUF_BUFG_inst/O
                         net (fo=112, routed)         1.722     5.325    rx_baud_gen/CLK
    SLICE_X5Y60          FDCE                                         r  rx_baud_gen/count_reg[6]/C
  -------------------------------------------------------------------    -------------------
    SLICE_X5Y60          FDCE (Prop_fdce_C_Q)         0.456     5.781 r  rx_baud_gen/count_reg[6]/Q
                         net (fo=2, routed)           0.835     6.616    rx_baud_gen/count_reg_n_0_[6]
    SLICE_X6Y60          LUT4 (Prop_lut4_I1_O)        0.124     6.740 r  rx_baud_gen/count[31]_i_6/O
                         net (fo=1, routed)           0.427     7.167    rx_baud_gen/count[31]_i_6_n_0
    SLICE_X6Y59          LUT5 (Prop_lut5_I4_O)        0.124     7.291 r  rx_baud_gen/count[31]_i_3__0/O
                         net (fo=33, routed)          1.756     9.047    rx_baud_gen/count[31]_i_3__0_n_0
    SLICE_X6Y65          LUT5 (Prop_lut5_I2_O)        0.124     9.171 r  rx_baud_gen/count[25]_i_1__0/O
                         net (fo=1, routed)           0.000     9.171    rx_baud_gen/count[25]
    SLICE_X6Y65          FDCE                                         r  rx_baud_gen/count_reg[25]/D
  -------------------------------------------------------------------    -------------------

                         (clock sys_clk_pin rise edge)
                                                     10.000    10.000 r  
    E3                                                0.000    10.000 r  CLK100MHZ (IN)
                         net (fo=0)                   0.000    10.000    CLK100MHZ
    E3                   IBUF (Prop_ibuf_I_O)         1.411    11.411 r  CLK100MHZ_IBUF_inst/O
                         net (fo=1, routed)           1.920    13.331    CLK100MHZ_IBUF
    BUFGCTRL_X0Y16       BUFG (Prop_bufg_I_O)         0.091    13.422 r  CLK100MHZ_IBUF_BUFG_inst/O
                         net (fo=112, routed)         1.597    15.020    rx_baud_gen/CLK
    SLICE_X6Y65          FDCE                                         r  rx_baud_gen/count_reg[25]/C
                         clock pessimism              0.276    15.296    
                         clock uncertainty           -0.035    15.260    
    SLICE_X6Y65          FDCE (Setup_fdce_C_D)        0.077    15.337    rx_baud_gen/count_reg[25]
  -------------------------------------------------------------------
                         required time                         15.337    
                         arrival time                          -9.171    
  -------------------------------------------------------------------
                         slack                                  6.167    

Slack (MET) :             6.173ns  (required time - arrival time)
  Source:                 rx_baud_gen/count_reg[6]/C
                            (rising edge-triggered cell FDCE clocked by sys_clk_pin  {rise@0.000ns fall@5.000ns period=10.000ns})
  Destination:            rx_baud_gen/count_reg[27]/D
                            (rising edge-triggered cell FDCE clocked by sys_clk_pin  {rise@0.000ns fall@5.000ns period=10.000ns})
  Path Group:             sys_clk_pin
  Path Type:              Setup (Max at Slow Process Corner)
  Requirement:            10.000ns  (sys_clk_pin rise@10.000ns - sys_clk_pin rise@0.000ns)
  Data Path Delay:        3.844ns  (logic 0.828ns (21.540%)  route 3.016ns (78.460%))
  Logic Levels:           3  (LUT4=1 LUT5=2)
  Clock Path Skew:        -0.029ns (DCD - SCD + CPR)
    Destination Clock Delay (DCD):    5.020ns = ( 15.020 - 10.000 ) 
    Source Clock Delay      (SCD):    5.325ns
    Clock Pessimism Removal (CPR):    0.276ns
  Clock Uncertainty:      0.035ns  ((TSJ^2 + TIJ^2)^1/2 + DJ) / 2 + PE
    Total System Jitter     (TSJ):    0.071ns
    Total Input Jitter      (TIJ):    0.000ns
    Discrete Jitter          (DJ):    0.000ns
    Phase Error              (PE):    0.000ns

    Location             Delay type                Incr(ns)  Path(ns)    Netlist Resource(s)
  -------------------------------------------------------------------    -------------------
                         (clock sys_clk_pin rise edge)
                                                      0.000     0.000 r  
    E3                                                0.000     0.000 r  CLK100MHZ (IN)
                         net (fo=0)                   0.000     0.000    CLK100MHZ
    E3                   IBUF (Prop_ibuf_I_O)         1.482     1.482 r  CLK100MHZ_IBUF_inst/O
                         net (fo=1, routed)           2.025     3.506    CLK100MHZ_IBUF
    BUFGCTRL_X0Y16       BUFG (Prop_bufg_I_O)         0.096     3.602 r  CLK100MHZ_IBUF_BUFG_inst/O
                         net (fo=112, routed)         1.722     5.325    rx_baud_gen/CLK
    SLICE_X5Y60          FDCE                                         r  rx_baud_gen/count_reg[6]/C
  -------------------------------------------------------------------    -------------------
    SLICE_X5Y60          FDCE (Prop_fdce_C_Q)         0.456     5.781 r  rx_baud_gen/count_reg[6]/Q
                         net (fo=2, routed)           0.835     6.616    rx_baud_gen/count_reg_n_0_[6]
    SLICE_X6Y60          LUT4 (Prop_lut4_I1_O)        0.124     6.740 r  rx_baud_gen/count[31]_i_6/O
                         net (fo=1, routed)           0.427     7.167    rx_baud_gen/count[31]_i_6_n_0
    SLICE_X6Y59          LUT5 (Prop_lut5_I4_O)        0.124     7.291 r  rx_baud_gen/count[31]_i_3__0/O
                         net (fo=33, routed)          1.754     9.045    rx_baud_gen/count[31]_i_3__0_n_0
    SLICE_X6Y65          LUT5 (Prop_lut5_I2_O)        0.124     9.169 r  rx_baud_gen/count[27]_i_1__0/O
                         net (fo=1, routed)           0.000     9.169    rx_baud_gen/count[27]
    SLICE_X6Y65          FDCE                                         r  rx_baud_gen/count_reg[27]/D
  -------------------------------------------------------------------    -------------------

                         (clock sys_clk_pin rise edge)
                                                     10.000    10.000 r  
    E3                                                0.000    10.000 r  CLK100MHZ (IN)
                         net (fo=0)                   0.000    10.000    CLK100MHZ
    E3                   IBUF (Prop_ibuf_I_O)         1.411    11.411 r  CLK100MHZ_IBUF_inst/O
                         net (fo=1, routed)           1.920    13.331    CLK100MHZ_IBUF
    BUFGCTRL_X0Y16       BUFG (Prop_bufg_I_O)         0.091    13.422 r  CLK100MHZ_IBUF_BUFG_inst/O
                         net (fo=112, routed)         1.597    15.020    rx_baud_gen/CLK
    SLICE_X6Y65          FDCE                                         r  rx_baud_gen/count_reg[27]/C
                         clock pessimism              0.276    15.296    
                         clock uncertainty           -0.035    15.260    
    SLICE_X6Y65          FDCE (Setup_fdce_C_D)        0.081    15.341    rx_baud_gen/count_reg[27]
  -------------------------------------------------------------------
                         required time                         15.341    
                         arrival time                          -9.169    
  -------------------------------------------------------------------
                         slack                                  6.173    

Slack (MET) :             6.185ns  (required time - arrival time)
  Source:                 rx_baud_gen/count_reg[18]/C
                            (rising edge-triggered cell FDCE clocked by sys_clk_pin  {rise@0.000ns fall@5.000ns period=10.000ns})
  Destination:            rx_baud_gen/count_reg[5]/D
                            (rising edge-triggered cell FDCE clocked by sys_clk_pin  {rise@0.000ns fall@5.000ns period=10.000ns})
  Path Group:             sys_clk_pin
  Path Type:              Setup (Max at Slow Process Corner)
  Requirement:            10.000ns  (sys_clk_pin rise@10.000ns - sys_clk_pin rise@0.000ns)
  Data Path Delay:        3.835ns  (logic 0.890ns (23.209%)  route 2.945ns (76.791%))
  Logic Levels:           3  (LUT4=1 LUT5=1 LUT6=1)
  Clock Path Skew:        -0.022ns (DCD - SCD + CPR)
    Destination Clock Delay (DCD):    5.024ns = ( 15.024 - 10.000 ) 
    Source Clock Delay      (SCD):    5.322ns
    Clock Pessimism Removal (CPR):    0.276ns
  Clock Uncertainty:      0.035ns  ((TSJ^2 + TIJ^2)^1/2 + DJ) / 2 + PE
    Total System Jitter     (TSJ):    0.071ns
    Total Input Jitter      (TIJ):    0.000ns
    Discrete Jitter          (DJ):    0.000ns
    Phase Error              (PE):    0.000ns

    Location             Delay type                Incr(ns)  Path(ns)    Netlist Resource(s)
  -------------------------------------------------------------------    -------------------
                         (clock sys_clk_pin rise edge)
                                                      0.000     0.000 r  
    E3                                                0.000     0.000 r  CLK100MHZ (IN)
                         net (fo=0)                   0.000     0.000    CLK100MHZ
    E3                   IBUF (Prop_ibuf_I_O)         1.482     1.482 r  CLK100MHZ_IBUF_inst/O
                         net (fo=1, routed)           2.025     3.506    CLK100MHZ_IBUF
    BUFGCTRL_X0Y16       BUFG (Prop_bufg_I_O)         0.096     3.602 r  CLK100MHZ_IBUF_BUFG_inst/O
                         net (fo=112, routed)         1.719     5.322    rx_baud_gen/CLK
    SLICE_X6Y63          FDCE                                         r  rx_baud_gen/count_reg[18]/C
  -------------------------------------------------------------------    -------------------
    SLICE_X6Y63          FDCE (Prop_fdce_C_Q)         0.518     5.840 r  rx_baud_gen/count_reg[18]/Q
                         net (fo=2, routed)           0.838     6.678    rx_baud_gen/count_reg_n_0_[18]
    SLICE_X6Y64          LUT4 (Prop_lut4_I1_O)        0.124     6.802 r  rx_baud_gen/count[31]_i_8__0/O
                         net (fo=1, routed)           0.670     7.472    rx_baud_gen/count[31]_i_8__0_n_0
    SLICE_X6Y64          LUT6 (Prop_lut6_I1_O)        0.124     7.596 r  rx_baud_gen/count[31]_i_4__0/O
                         net (fo=33, routed)          1.437     9.032    rx_baud_gen/count[31]_i_4__0_n_0
    SLICE_X6Y60          LUT5 (Prop_lut5_I3_O)        0.124     9.156 r  rx_baud_gen/count[5]_i_1__0/O
                         net (fo=1, routed)           0.000     9.156    rx_baud_gen/count[5]
    SLICE_X6Y60          FDCE                                         r  rx_baud_gen/count_reg[5]/D
  -------------------------------------------------------------------    -------------------

                         (clock sys_clk_pin rise edge)
                                                     10.000    10.000 r  
    E3                                                0.000    10.000 r  CLK100MHZ (IN)
                         net (fo=0)                   0.000    10.000    CLK100MHZ
    E3                   IBUF (Prop_ibuf_I_O)         1.411    11.411 r  CLK100MHZ_IBUF_inst/O
                         net (fo=1, routed)           1.920    13.331    CLK100MHZ_IBUF
    BUFGCTRL_X0Y16       BUFG (Prop_bufg_I_O)         0.091    13.422 r  CLK100MHZ_IBUF_BUFG_inst/O
                         net (fo=112, routed)         1.601    15.024    rx_baud_gen/CLK
    SLICE_X6Y60          FDCE                                         r  rx_baud_gen/count_reg[5]/C
                         clock pessimism              0.276    15.300    
                         clock uncertainty           -0.035    15.264    
    SLICE_X6Y60          FDCE (Setup_fdce_C_D)        0.077    15.341    rx_baud_gen/count_reg[5]
  -------------------------------------------------------------------
                         required time                         15.341    
                         arrival time                          -9.156    
  -------------------------------------------------------------------
                         slack                                  6.185    





Min Delay Paths
--------------------------------------------------------------------------------------
Slack (MET) :             0.177ns  (arrival time - required time)
  Source:                 uart_trans/FSM_sequential_state_reg[1]/C
                            (rising edge-triggered cell FDCE clocked by sys_clk_pin  {rise@0.000ns fall@5.000ns period=10.000ns})
  Destination:            uart_trans/busy_reg/D
                            (rising edge-triggered cell FDCE clocked by sys_clk_pin  {rise@0.000ns fall@5.000ns period=10.000ns})
  Path Group:             sys_clk_pin
  Path Type:              Hold (Min at Fast Process Corner)
  Requirement:            0.000ns  (sys_clk_pin rise@0.000ns - sys_clk_pin rise@0.000ns)
  Data Path Delay:        0.311ns  (logic 0.186ns (59.721%)  route 0.125ns (40.279%))
  Logic Levels:           1  (LUT6=1)
  Clock Path Skew:        0.013ns (DCD - SCD - CPR)
    Destination Clock Delay (DCD):    2.031ns
    Source Clock Delay      (SCD):    1.514ns
    Clock Pessimism Removal (CPR):    0.503ns

    Location             Delay type                Incr(ns)  Path(ns)    Netlist Resource(s)
  -------------------------------------------------------------------    -------------------
                         (clock sys_clk_pin rise edge)
                                                      0.000     0.000 r  
    E3                                                0.000     0.000 r  CLK100MHZ (IN)
                         net (fo=0)                   0.000     0.000    CLK100MHZ
    E3                   IBUF (Prop_ibuf_I_O)         0.250     0.250 r  CLK100MHZ_IBUF_inst/O
                         net (fo=1, routed)           0.644     0.894    CLK100MHZ_IBUF
    BUFGCTRL_X0Y16       BUFG (Prop_bufg_I_O)         0.026     0.920 r  CLK100MHZ_IBUF_BUFG_inst/O
                         net (fo=112, routed)         0.595     1.514    uart_trans/CLK
    SLICE_X3Y70          FDCE                                         r  uart_trans/FSM_sequential_state_reg[1]/C
  -------------------------------------------------------------------    -------------------
    SLICE_X3Y70          FDCE (Prop_fdce_C_Q)         0.141     1.655 f  uart_trans/FSM_sequential_state_reg[1]/Q
                         net (fo=10, routed)          0.125     1.781    uart_trans/state__0[1]
    SLICE_X2Y70          LUT6 (Prop_lut6_I4_O)        0.045     1.826 r  uart_trans/busy_i_1/O
                         net (fo=1, routed)           0.000     1.826    uart_trans/busy_i_1_n_0
    SLICE_X2Y70          FDCE                                         r  uart_trans/busy_reg/D
  -------------------------------------------------------------------    -------------------

                         (clock sys_clk_pin rise edge)
                                                      0.000     0.000 r  
    E3                                                0.000     0.000 r  CLK100MHZ (IN)
                         net (fo=0)                   0.000     0.000    CLK100MHZ
    E3                   IBUF (Prop_ibuf_I_O)         0.438     0.438 r  CLK100MHZ_IBUF_inst/O
                         net (fo=1, routed)           0.699     1.136    CLK100MHZ_IBUF
    BUFGCTRL_X0Y16       BUFG (Prop_bufg_I_O)         0.029     1.165 r  CLK100MHZ_IBUF_BUFG_inst/O
                         net (fo=112, routed)         0.866     2.031    uart_trans/CLK
    SLICE_X2Y70          FDCE                                         r  uart_trans/busy_reg/C
                         clock pessimism             -0.503     1.527    
    SLICE_X2Y70          FDCE (Hold_fdce_C_D)         0.121     1.648    uart_trans/busy_reg
  -------------------------------------------------------------------
                         required time                         -1.648    
                         arrival time                           1.826    
  -------------------------------------------------------------------
                         slack                                  0.177    

Slack (MET) :             0.193ns  (arrival time - required time)
  Source:                 uart_rcv/shift_reg_reg[2]/C
                            (rising edge-triggered cell FDCE clocked by sys_clk_pin  {rise@0.000ns fall@5.000ns period=10.000ns})
  Destination:            uart_rcv/data_out_reg[2]/D
                            (rising edge-triggered cell FDCE clocked by sys_clk_pin  {rise@0.000ns fall@5.000ns period=10.000ns})
  Path Group:             sys_clk_pin
  Path Type:              Hold (Min at Fast Process Corner)
  Requirement:            0.000ns  (sys_clk_pin rise@0.000ns - sys_clk_pin rise@0.000ns)
  Data Path Delay:        0.276ns  (logic 0.164ns (59.397%)  route 0.112ns (40.603%))
  Logic Levels:           0  
  Clock Path Skew:        0.013ns (DCD - SCD - CPR)
    Destination Clock Delay (DCD):    2.031ns
    Source Clock Delay      (SCD):    1.517ns
    Clock Pessimism Removal (CPR):    0.500ns

    Location             Delay type                Incr(ns)  Path(ns)    Netlist Resource(s)
  -------------------------------------------------------------------    -------------------
                         (clock sys_clk_pin rise edge)
                                                      0.000     0.000 r  
    E3                                                0.000     0.000 r  CLK100MHZ (IN)
                         net (fo=0)                   0.000     0.000    CLK100MHZ
    E3                   IBUF (Prop_ibuf_I_O)         0.250     0.250 r  CLK100MHZ_IBUF_inst/O
                         net (fo=1, routed)           0.644     0.894    CLK100MHZ_IBUF
    BUFGCTRL_X0Y16       BUFG (Prop_bufg_I_O)         0.026     0.920 r  CLK100MHZ_IBUF_BUFG_inst/O
                         net (fo=112, routed)         0.598     1.517    uart_rcv/CLK
    SLICE_X6Y66          FDCE                                         r  uart_rcv/shift_reg_reg[2]/C
  -------------------------------------------------------------------    -------------------
    SLICE_X6Y66          FDCE (Prop_fdce_C_Q)         0.164     1.681 r  uart_rcv/shift_reg_reg[2]/Q
                         net (fo=2, routed)           0.112     1.793    uart_rcv/shift_reg[2]
    SLICE_X5Y67          FDCE                                         r  uart_rcv/data_out_reg[2]/D
  -------------------------------------------------------------------    -------------------

                         (clock sys_clk_pin rise edge)
                                                      0.000     0.000 r  
    E3                                                0.000     0.000 r  CLK100MHZ (IN)
                         net (fo=0)                   0.000     0.000    CLK100MHZ
    E3                   IBUF (Prop_ibuf_I_O)         0.438     0.438 r  CLK100MHZ_IBUF_inst/O
                         net (fo=1, routed)           0.699     1.136    CLK100MHZ_IBUF
    BUFGCTRL_X0Y16       BUFG (Prop_bufg_I_O)         0.029     1.165 r  CLK100MHZ_IBUF_BUFG_inst/O
                         net (fo=112, routed)         0.866     2.031    uart_rcv/CLK
    SLICE_X5Y67          FDCE                                         r  uart_rcv/data_out_reg[2]/C
                         clock pessimism             -0.500     1.530    
    SLICE_X5Y67          FDCE (Hold_fdce_C_D)         0.070     1.600    uart_rcv/data_out_reg[2]
  -------------------------------------------------------------------
                         required time                         -1.600    
                         arrival time                           1.793    
  -------------------------------------------------------------------
                         slack                                  0.193    

Slack (MET) :             0.213ns  (arrival time - required time)
  Source:                 uart_rcv/shift_reg_reg[0]/C
                            (rising edge-triggered cell FDCE clocked by sys_clk_pin  {rise@0.000ns fall@5.000ns period=10.000ns})
  Destination:            uart_rcv/data_out_reg[0]/D
                            (rising edge-triggered cell FDCE clocked by sys_clk_pin  {rise@0.000ns fall@5.000ns period=10.000ns})
  Path Group:             sys_clk_pin
  Path Type:              Hold (Min at Fast Process Corner)
  Requirement:            0.000ns  (sys_clk_pin rise@0.000ns - sys_clk_pin rise@0.000ns)
  Data Path Delay:        0.285ns  (logic 0.164ns (57.563%)  route 0.121ns (42.436%))
  Logic Levels:           0  
  Clock Path Skew:        0.013ns (DCD - SCD - CPR)
    Destination Clock Delay (DCD):    2.030ns
    Source Clock Delay      (SCD):    1.516ns
    Clock Pessimism Removal (CPR):    0.500ns

    Location             Delay type                Incr(ns)  Path(ns)    Netlist Resource(s)
  -------------------------------------------------------------------    -------------------
                         (clock sys_clk_pin rise edge)
                                                      0.000     0.000 r  
    E3                                                0.000     0.000 r  CLK100MHZ (IN)
                         net (fo=0)                   0.000     0.000    CLK100MHZ
    E3                   IBUF (Prop_ibuf_I_O)         0.250     0.250 r  CLK100MHZ_IBUF_inst/O
                         net (fo=1, routed)           0.644     0.894    CLK100MHZ_IBUF
    BUFGCTRL_X0Y16       BUFG (Prop_bufg_I_O)         0.026     0.920 r  CLK100MHZ_IBUF_BUFG_inst/O
                         net (fo=112, routed)         0.597     1.516    uart_rcv/CLK
    SLICE_X6Y67          FDCE                                         r  uart_rcv/shift_reg_reg[0]/C
  -------------------------------------------------------------------    -------------------
    SLICE_X6Y67          FDCE (Prop_fdce_C_Q)         0.164     1.680 r  uart_rcv/shift_reg_reg[0]/Q
                         net (fo=2, routed)           0.121     1.801    uart_rcv/shift_reg[0]
    SLICE_X6Y68          FDCE                                         r  uart_rcv/data_out_reg[0]/D
  -------------------------------------------------------------------    -------------------

                         (clock sys_clk_pin rise edge)
                                                      0.000     0.000 r  
    E3                                                0.000     0.000 r  CLK100MHZ (IN)
                         net (fo=0)                   0.000     0.000    CLK100MHZ
    E3                   IBUF (Prop_ibuf_I_O)         0.438     0.438 r  CLK100MHZ_IBUF_inst/O
                         net (fo=1, routed)           0.699     1.136    CLK100MHZ_IBUF
    BUFGCTRL_X0Y16       BUFG (Prop_bufg_I_O)         0.029     1.165 r  CLK100MHZ_IBUF_BUFG_inst/O
                         net (fo=112, routed)         0.865     2.030    uart_rcv/CLK
    SLICE_X6Y68          FDCE                                         r  uart_rcv/data_out_reg[0]/C
                         clock pessimism             -0.500     1.529    
    SLICE_X6Y68          FDCE (Hold_fdce_C_D)         0.059     1.588    uart_rcv/data_out_reg[0]
  -------------------------------------------------------------------
                         required time                         -1.588    
                         arrival time                           1.801    
  -------------------------------------------------------------------
                         slack                                  0.213    

Slack (MET) :             0.215ns  (arrival time - required time)
  Source:                 uart_rcv/shift_reg_reg[0]/C
                            (rising edge-triggered cell FDCE clocked by sys_clk_pin  {rise@0.000ns fall@5.000ns period=10.000ns})
  Destination:            uart_rcv/shift_reg_reg[0]/D
                            (rising edge-triggered cell FDCE clocked by sys_clk_pin  {rise@0.000ns fall@5.000ns period=10.000ns})
  Path Group:             sys_clk_pin
  Path Type:              Hold (Min at Fast Process Corner)
  Requirement:            0.000ns  (sys_clk_pin rise@0.000ns - sys_clk_pin rise@0.000ns)
  Data Path Delay:        0.336ns  (logic 0.209ns (62.292%)  route 0.127ns (37.708%))
  Logic Levels:           1  (LUT6=1)
  Clock Path Skew:        0.000ns (DCD - SCD - CPR)
    Destination Clock Delay (DCD):    2.031ns
    Source Clock Delay      (SCD):    1.516ns
    Clock Pessimism Removal (CPR):    0.514ns

    Location             Delay type                Incr(ns)  Path(ns)    Netlist Resource(s)
  -------------------------------------------------------------------    -------------------
                         (clock sys_clk_pin rise edge)
                                                      0.000     0.000 r  
    E3                                                0.000     0.000 r  CLK100MHZ (IN)
                         net (fo=0)                   0.000     0.000    CLK100MHZ
    E3                   IBUF (Prop_ibuf_I_O)         0.250     0.250 r  CLK100MHZ_IBUF_inst/O
                         net (fo=1, routed)           0.644     0.894    CLK100MHZ_IBUF
    BUFGCTRL_X0Y16       BUFG (Prop_bufg_I_O)         0.026     0.920 r  CLK100MHZ_IBUF_BUFG_inst/O
                         net (fo=112, routed)         0.597     1.516    uart_rcv/CLK
    SLICE_X6Y67          FDCE                                         r  uart_rcv/shift_reg_reg[0]/C
  -------------------------------------------------------------------    -------------------
    SLICE_X6Y67          FDCE (Prop_fdce_C_Q)         0.164     1.680 r  uart_rcv/shift_reg_reg[0]/Q
                         net (fo=2, routed)           0.127     1.807    uart_rcv/shift_reg[0]
    SLICE_X6Y67          LUT6 (Prop_lut6_I5_O)        0.045     1.852 r  uart_rcv/shift_reg[0]_i_1/O
                         net (fo=1, routed)           0.000     1.852    uart_rcv/shift_reg[0]_i_1_n_0
    SLICE_X6Y67          FDCE                                         r  uart_rcv/shift_reg_reg[0]/D
  -------------------------------------------------------------------    -------------------

                         (clock sys_clk_pin rise edge)
                                                      0.000     0.000 r  
    E3                                                0.000     0.000 r  CLK100MHZ (IN)
                         net (fo=0)                   0.000     0.000    CLK100MHZ
    E3                   IBUF (Prop_ibuf_I_O)         0.438     0.438 r  CLK100MHZ_IBUF_inst/O
                         net (fo=1, routed)           0.699     1.136    CLK100MHZ_IBUF
    BUFGCTRL_X0Y16       BUFG (Prop_bufg_I_O)         0.029     1.165 r  CLK100MHZ_IBUF_BUFG_inst/O
                         net (fo=112, routed)         0.866     2.031    uart_rcv/CLK
    SLICE_X6Y67          FDCE                                         r  uart_rcv/shift_reg_reg[0]/C
                         clock pessimism             -0.514     1.516    
    SLICE_X6Y67          FDCE (Hold_fdce_C_D)         0.121     1.637    uart_rcv/shift_reg_reg[0]
  -------------------------------------------------------------------
                         required time                         -1.637    
                         arrival time                           1.852    
  -------------------------------------------------------------------
                         slack                                  0.215    

Slack (MET) :             0.232ns  (arrival time - required time)
  Source:                 uart_rcv/bit_index_reg[0]/C
                            (rising edge-triggered cell FDCE clocked by sys_clk_pin  {rise@0.000ns fall@5.000ns period=10.000ns})
  Destination:            uart_rcv/shift_reg_reg[2]/D
                            (rising edge-triggered cell FDCE clocked by sys_clk_pin  {rise@0.000ns fall@5.000ns period=10.000ns})
  Path Group:             sys_clk_pin
  Path Type:              Hold (Min at Fast Process Corner)
  Requirement:            0.000ns  (sys_clk_pin rise@0.000ns - sys_clk_pin rise@0.000ns)
  Data Path Delay:        0.368ns  (logic 0.209ns (56.749%)  route 0.159ns (43.251%))
  Logic Levels:           1  (LUT6=1)
  Clock Path Skew:        0.015ns (DCD - SCD - CPR)
    Destination Clock Delay (DCD):    2.032ns
    Source Clock Delay      (SCD):    1.516ns
    Clock Pessimism Removal (CPR):    0.500ns

    Location             Delay type                Incr(ns)  Path(ns)    Netlist Resource(s)
  -------------------------------------------------------------------    -------------------
                         (clock sys_clk_pin rise edge)
                                                      0.000     0.000 r  
    E3                                                0.000     0.000 r  CLK100MHZ (IN)
                         net (fo=0)                   0.000     0.000    CLK100MHZ
    E3                   IBUF (Prop_ibuf_I_O)         0.250     0.250 r  CLK100MHZ_IBUF_inst/O
                         net (fo=1, routed)           0.644     0.894    CLK100MHZ_IBUF
    BUFGCTRL_X0Y16       BUFG (Prop_bufg_I_O)         0.026     0.920 r  CLK100MHZ_IBUF_BUFG_inst/O
                         net (fo=112, routed)         0.597     1.516    uart_rcv/CLK
    SLICE_X6Y67          FDCE                                         r  uart_rcv/bit_index_reg[0]/C
  -------------------------------------------------------------------    -------------------
    SLICE_X6Y67          FDCE (Prop_fdce_C_Q)         0.164     1.680 r  uart_rcv/bit_index_reg[0]/Q
                         net (fo=13, routed)          0.159     1.840    uart_rcv/bit_index_reg_n_0_[0]
    SLICE_X6Y66          LUT6 (Prop_lut6_I3_O)        0.045     1.885 r  uart_rcv/shift_reg[2]_i_1/O
                         net (fo=1, routed)           0.000     1.885    uart_rcv/shift_reg[2]_i_1_n_0
    SLICE_X6Y66          FDCE                                         r  uart_rcv/shift_reg_reg[2]/D
  -------------------------------------------------------------------    -------------------

                         (clock sys_clk_pin rise edge)
                                                      0.000     0.000 r  
    E3                                                0.000     0.000 r  CLK100MHZ (IN)
                         net (fo=0)                   0.000     0.000    CLK100MHZ
    E3                   IBUF (Prop_ibuf_I_O)         0.438     0.438 r  CLK100MHZ_IBUF_inst/O
                         net (fo=1, routed)           0.699     1.136    CLK100MHZ_IBUF
    BUFGCTRL_X0Y16       BUFG (Prop_bufg_I_O)         0.029     1.165 r  CLK100MHZ_IBUF_BUFG_inst/O
                         net (fo=112, routed)         0.867     2.032    uart_rcv/CLK
    SLICE_X6Y66          FDCE                                         r  uart_rcv/shift_reg_reg[2]/C
                         clock pessimism             -0.500     1.531    
    SLICE_X6Y66          FDCE (Hold_fdce_C_D)         0.121     1.652    uart_rcv/shift_reg_reg[2]
  -------------------------------------------------------------------
                         required time                         -1.652    
                         arrival time                           1.885    
  -------------------------------------------------------------------
                         slack                                  0.232    

Slack (MET) :             0.234ns  (arrival time - required time)
  Source:                 uart_rcv/bit_index_reg[0]/C
                            (rising edge-triggered cell FDCE clocked by sys_clk_pin  {rise@0.000ns fall@5.000ns period=10.000ns})
  Destination:            uart_rcv/FSM_sequential_state_reg[0]/D
                            (rising edge-triggered cell FDCE clocked by sys_clk_pin  {rise@0.000ns fall@5.000ns period=10.000ns})
  Path Group:             sys_clk_pin
  Path Type:              Hold (Min at Fast Process Corner)
  Requirement:            0.000ns  (sys_clk_pin rise@0.000ns - sys_clk_pin rise@0.000ns)
  Data Path Delay:        0.370ns  (logic 0.209ns (56.443%)  route 0.161ns (43.557%))
  Logic Levels:           1  (LUT6=1)
  Clock Path Skew:        0.015ns (DCD - SCD - CPR)
    Destination Clock Delay (DCD):    2.032ns
    Source Clock Delay      (SCD):    1.516ns
    Clock Pessimism Removal (CPR):    0.500ns

    Location             Delay type                Incr(ns)  Path(ns)    Netlist Resource(s)
  -------------------------------------------------------------------    -------------------
                         (clock sys_clk_pin rise edge)
                                                      0.000     0.000 r  
    E3                                                0.000     0.000 r  CLK100MHZ (IN)
                         net (fo=0)                   0.000     0.000    CLK100MHZ
    E3                   IBUF (Prop_ibuf_I_O)         0.250     0.250 r  CLK100MHZ_IBUF_inst/O
                         net (fo=1, routed)           0.644     0.894    CLK100MHZ_IBUF
    BUFGCTRL_X0Y16       BUFG (Prop_bufg_I_O)         0.026     0.920 r  CLK100MHZ_IBUF_BUFG_inst/O
                         net (fo=112, routed)         0.597     1.516    uart_rcv/CLK
    SLICE_X6Y67          FDCE                                         r  uart_rcv/bit_index_reg[0]/C
  -------------------------------------------------------------------    -------------------
    SLICE_X6Y67          FDCE (Prop_fdce_C_Q)         0.164     1.680 r  uart_rcv/bit_index_reg[0]/Q
                         net (fo=13, routed)          0.161     1.842    uart_rcv/bit_index_reg_n_0_[0]
    SLICE_X6Y66          LUT6 (Prop_lut6_I1_O)        0.045     1.887 r  uart_rcv/FSM_sequential_state[0]_i_1__0/O
                         net (fo=1, routed)           0.000     1.887    uart_rcv/FSM_sequential_state[0]_i_1__0_n_0
    SLICE_X6Y66          FDCE                                         r  uart_rcv/FSM_sequential_state_reg[0]/D
  -------------------------------------------------------------------    -------------------

                         (clock sys_clk_pin rise edge)
                                                      0.000     0.000 r  
    E3                                                0.000     0.000 r  CLK100MHZ (IN)
                         net (fo=0)                   0.000     0.000    CLK100MHZ
    E3                   IBUF (Prop_ibuf_I_O)         0.438     0.438 r  CLK100MHZ_IBUF_inst/O
                         net (fo=1, routed)           0.699     1.136    CLK100MHZ_IBUF
    BUFGCTRL_X0Y16       BUFG (Prop_bufg_I_O)         0.029     1.165 r  CLK100MHZ_IBUF_BUFG_inst/O
                         net (fo=112, routed)         0.867     2.032    uart_rcv/CLK
    SLICE_X6Y66          FDCE                                         r  uart_rcv/FSM_sequential_state_reg[0]/C
                         clock pessimism             -0.500     1.531    
    SLICE_X6Y66          FDCE (Hold_fdce_C_D)         0.121     1.652    uart_rcv/FSM_sequential_state_reg[0]
  -------------------------------------------------------------------
                         required time                         -1.652    
                         arrival time                           1.887    
  -------------------------------------------------------------------
                         slack                                  0.234    

Slack (MET) :             0.236ns  (arrival time - required time)
  Source:                 uart_rcv/shift_reg_reg[7]/C
                            (rising edge-triggered cell FDCE clocked by sys_clk_pin  {rise@0.000ns fall@5.000ns period=10.000ns})
  Destination:            uart_rcv/shift_reg_reg[7]/D
                            (rising edge-triggered cell FDCE clocked by sys_clk_pin  {rise@0.000ns fall@5.000ns period=10.000ns})
  Path Group:             sys_clk_pin
  Path Type:              Hold (Min at Fast Process Corner)
  Requirement:            0.000ns  (sys_clk_pin rise@0.000ns - sys_clk_pin rise@0.000ns)
  Data Path Delay:        0.357ns  (logic 0.209ns (58.509%)  route 0.148ns (41.491%))
  Logic Levels:           1  (LUT6=1)
  Clock Path Skew:        0.000ns (DCD - SCD - CPR)
    Destination Clock Delay (DCD):    2.033ns
    Source Clock Delay      (SCD):    1.518ns
    Clock Pessimism Removal (CPR):    0.514ns

    Location             Delay type                Incr(ns)  Path(ns)    Netlist Resource(s)
  -------------------------------------------------------------------    -------------------
                         (clock sys_clk_pin rise edge)
                                                      0.000     0.000 r  
    E3                                                0.000     0.000 r  CLK100MHZ (IN)
                         net (fo=0)                   0.000     0.000    CLK100MHZ
    E3                   IBUF (Prop_ibuf_I_O)         0.250     0.250 r  CLK100MHZ_IBUF_inst/O
                         net (fo=1, routed)           0.644     0.894    CLK100MHZ_IBUF
    BUFGCTRL_X0Y16       BUFG (Prop_bufg_I_O)         0.026     0.920 r  CLK100MHZ_IBUF_BUFG_inst/O
                         net (fo=112, routed)         0.599     1.518    uart_rcv/CLK
    SLICE_X6Y65          FDCE                                         r  uart_rcv/shift_reg_reg[7]/C
  -------------------------------------------------------------------    -------------------
    SLICE_X6Y65          FDCE (Prop_fdce_C_Q)         0.164     1.682 r  uart_rcv/shift_reg_reg[7]/Q
                         net (fo=2, routed)           0.148     1.831    uart_rcv/shift_reg[7]
    SLICE_X6Y65          LUT6 (Prop_lut6_I5_O)        0.045     1.876 r  uart_rcv/shift_reg[7]_i_1/O
                         net (fo=1, routed)           0.000     1.876    uart_rcv/shift_reg[7]_i_1_n_0
    SLICE_X6Y65          FDCE                                         r  uart_rcv/shift_reg_reg[7]/D
  -------------------------------------------------------------------    -------------------

                         (clock sys_clk_pin rise edge)
                                                      0.000     0.000 r  
    E3                                                0.000     0.000 r  CLK100MHZ (IN)
                         net (fo=0)                   0.000     0.000    CLK100MHZ
    E3                   IBUF (Prop_ibuf_I_O)         0.438     0.438 r  CLK100MHZ_IBUF_inst/O
                         net (fo=1, routed)           0.699     1.136    CLK100MHZ_IBUF
    BUFGCTRL_X0Y16       BUFG (Prop_bufg_I_O)         0.029     1.165 r  CLK100MHZ_IBUF_BUFG_inst/O
                         net (fo=112, routed)         0.868     2.033    uart_rcv/CLK
    SLICE_X6Y65          FDCE                                         r  uart_rcv/shift_reg_reg[7]/C
                         clock pessimism             -0.514     1.518    
    SLICE_X6Y65          FDCE (Hold_fdce_C_D)         0.121     1.639    uart_rcv/shift_reg_reg[7]
  -------------------------------------------------------------------
                         required time                         -1.639    
                         arrival time                           1.876    
  -------------------------------------------------------------------
                         slack                                  0.236    

Slack (MET) :             0.237ns  (arrival time - required time)
  Source:                 uart_rcv/shift_reg_reg[6]/C
                            (rising edge-triggered cell FDCE clocked by sys_clk_pin  {rise@0.000ns fall@5.000ns period=10.000ns})
  Destination:            uart_rcv/shift_reg_reg[6]/D
                            (rising edge-triggered cell FDCE clocked by sys_clk_pin  {rise@0.000ns fall@5.000ns period=10.000ns})
  Path Group:             sys_clk_pin
  Path Type:              Hold (Min at Fast Process Corner)
  Requirement:            0.000ns  (sys_clk_pin rise@0.000ns - sys_clk_pin rise@0.000ns)
  Data Path Delay:        0.358ns  (logic 0.209ns (58.331%)  route 0.149ns (41.669%))
  Logic Levels:           1  (LUT6=1)
  Clock Path Skew:        0.000ns (DCD - SCD - CPR)
    Destination Clock Delay (DCD):    2.003ns
    Source Clock Delay      (SCD):    1.488ns
    Clock Pessimism Removal (CPR):    0.514ns

    Location             Delay type                Incr(ns)  Path(ns)    Netlist Resource(s)
  -------------------------------------------------------------------    -------------------
                         (clock sys_clk_pin rise edge)
                                                      0.000     0.000 r  
    E3                                                0.000     0.000 r  CLK100MHZ (IN)
                         net (fo=0)                   0.000     0.000    CLK100MHZ
    E3                   IBUF (Prop_ibuf_I_O)         0.250     0.250 r  CLK100MHZ_IBUF_inst/O
                         net (fo=1, routed)           0.644     0.894    CLK100MHZ_IBUF
    BUFGCTRL_X0Y16       BUFG (Prop_bufg_I_O)         0.026     0.920 r  CLK100MHZ_IBUF_BUFG_inst/O
                         net (fo=112, routed)         0.569     1.488    uart_rcv/CLK
    SLICE_X8Y67          FDCE                                         r  uart_rcv/shift_reg_reg[6]/C
  -------------------------------------------------------------------    -------------------
    SLICE_X8Y67          FDCE (Prop_fdce_C_Q)         0.164     1.652 r  uart_rcv/shift_reg_reg[6]/Q
                         net (fo=2, routed)           0.149     1.802    uart_rcv/shift_reg[6]
    SLICE_X8Y67          LUT6 (Prop_lut6_I5_O)        0.045     1.847 r  uart_rcv/shift_reg[6]_i_1/O
                         net (fo=1, routed)           0.000     1.847    uart_rcv/shift_reg[6]_i_1_n_0
    SLICE_X8Y67          FDCE                                         r  uart_rcv/shift_reg_reg[6]/D
  -------------------------------------------------------------------    -------------------

                         (clock sys_clk_pin rise edge)
                                                      0.000     0.000 r  
    E3                                                0.000     0.000 r  CLK100MHZ (IN)
                         net (fo=0)                   0.000     0.000    CLK100MHZ
    E3                   IBUF (Prop_ibuf_I_O)         0.438     0.438 r  CLK100MHZ_IBUF_inst/O
                         net (fo=1, routed)           0.699     1.136    CLK100MHZ_IBUF
    BUFGCTRL_X0Y16       BUFG (Prop_bufg_I_O)         0.029     1.165 r  CLK100MHZ_IBUF_BUFG_inst/O
                         net (fo=112, routed)         0.838     2.003    uart_rcv/CLK
    SLICE_X8Y67          FDCE                                         r  uart_rcv/shift_reg_reg[6]/C
                         clock pessimism             -0.514     1.488    
    SLICE_X8Y67          FDCE (Hold_fdce_C_D)         0.121     1.609    uart_rcv/shift_reg_reg[6]
  -------------------------------------------------------------------
                         required time                         -1.609    
                         arrival time                           1.847    
  -------------------------------------------------------------------
                         slack                                  0.237    

Slack (MET) :             0.240ns  (arrival time - required time)
  Source:                 uart_rcv/sample_count_reg[2]/C
                            (rising edge-triggered cell FDCE clocked by sys_clk_pin  {rise@0.000ns fall@5.000ns period=10.000ns})
  Destination:            uart_rcv/sample_count_reg[3]/D
                            (rising edge-triggered cell FDCE clocked by sys_clk_pin  {rise@0.000ns fall@5.000ns period=10.000ns})
  Path Group:             sys_clk_pin
  Path Type:              Hold (Min at Fast Process Corner)
  Requirement:            0.000ns  (sys_clk_pin rise@0.000ns - sys_clk_pin rise@0.000ns)
  Data Path Delay:        0.332ns  (logic 0.227ns (68.300%)  route 0.105ns (31.700%))
  Logic Levels:           1  (LUT6=1)
  Clock Path Skew:        0.000ns (DCD - SCD - CPR)
    Destination Clock Delay (DCD):    2.032ns
    Source Clock Delay      (SCD):    1.517ns
    Clock Pessimism Removal (CPR):    0.514ns

    Location             Delay type                Incr(ns)  Path(ns)    Netlist Resource(s)
  -------------------------------------------------------------------    -------------------
                         (clock sys_clk_pin rise edge)
                                                      0.000     0.000 r  
    E3                                                0.000     0.000 r  CLK100MHZ (IN)
                         net (fo=0)                   0.000     0.000    CLK100MHZ
    E3                   IBUF (Prop_ibuf_I_O)         0.250     0.250 r  CLK100MHZ_IBUF_inst/O
                         net (fo=1, routed)           0.644     0.894    CLK100MHZ_IBUF
    BUFGCTRL_X0Y16       BUFG (Prop_bufg_I_O)         0.026     0.920 r  CLK100MHZ_IBUF_BUFG_inst/O
                         net (fo=112, routed)         0.598     1.517    uart_rcv/CLK
    SLICE_X4Y66          FDCE                                         r  uart_rcv/sample_count_reg[2]/C
  -------------------------------------------------------------------    -------------------
    SLICE_X4Y66          FDCE (Prop_fdce_C_Q)         0.128     1.645 r  uart_rcv/sample_count_reg[2]/Q
                         net (fo=4, routed)           0.105     1.751    uart_rcv/sample_count_reg_n_0_[2]
    SLICE_X4Y66          LUT6 (Prop_lut6_I5_O)        0.099     1.850 r  uart_rcv/sample_count[3]_i_1/O
                         net (fo=1, routed)           0.000     1.850    uart_rcv/sample_count[3]
    SLICE_X4Y66          FDCE                                         r  uart_rcv/sample_count_reg[3]/D
  -------------------------------------------------------------------    -------------------

                         (clock sys_clk_pin rise edge)
                                                      0.000     0.000 r  
    E3                                                0.000     0.000 r  CLK100MHZ (IN)
                         net (fo=0)                   0.000     0.000    CLK100MHZ
    E3                   IBUF (Prop_ibuf_I_O)         0.438     0.438 r  CLK100MHZ_IBUF_inst/O
                         net (fo=1, routed)           0.699     1.136    CLK100MHZ_IBUF
    BUFGCTRL_X0Y16       BUFG (Prop_bufg_I_O)         0.029     1.165 r  CLK100MHZ_IBUF_BUFG_inst/O
                         net (fo=112, routed)         0.867     2.032    uart_rcv/CLK
    SLICE_X4Y66          FDCE                                         r  uart_rcv/sample_count_reg[3]/C
                         clock pessimism             -0.514     1.517    
    SLICE_X4Y66          FDCE (Hold_fdce_C_D)         0.092     1.609    uart_rcv/sample_count_reg[3]
  -------------------------------------------------------------------
                         required time                         -1.609    
                         arrival time                           1.850    
  -------------------------------------------------------------------
                         slack                                  0.240    

Slack (MET) :             0.241ns  (arrival time - required time)
  Source:                 rx_baud_gen/count_reg[0]/C
                            (rising edge-triggered cell FDCE clocked by sys_clk_pin  {rise@0.000ns fall@5.000ns period=10.000ns})
  Destination:            rx_baud_gen/count_reg[27]/D
                            (rising edge-triggered cell FDCE clocked by sys_clk_pin  {rise@0.000ns fall@5.000ns period=10.000ns})
  Path Group:             sys_clk_pin
  Path Type:              Hold (Min at Fast Process Corner)
  Requirement:            0.000ns  (sys_clk_pin rise@0.000ns - sys_clk_pin rise@0.000ns)
  Data Path Delay:        0.377ns  (logic 0.209ns (55.480%)  route 0.168ns (44.520%))
  Logic Levels:           1  (LUT5=1)
  Clock Path Skew:        0.015ns (DCD - SCD - CPR)
    Destination Clock Delay (DCD):    2.033ns
    Source Clock Delay      (SCD):    1.517ns
    Clock Pessimism Removal (CPR):    0.500ns

    Location             Delay type                Incr(ns)  Path(ns)    Netlist Resource(s)
  -------------------------------------------------------------------    -------------------
                         (clock sys_clk_pin rise edge)
                                                      0.000     0.000 r  
    E3                                                0.000     0.000 r  CLK100MHZ (IN)
                         net (fo=0)                   0.000     0.000    CLK100MHZ
    E3                   IBUF (Prop_ibuf_I_O)         0.250     0.250 r  CLK100MHZ_IBUF_inst/O
                         net (fo=1, routed)           0.644     0.894    CLK100MHZ_IBUF
    BUFGCTRL_X0Y16       BUFG (Prop_bufg_I_O)         0.026     0.920 r  CLK100MHZ_IBUF_BUFG_inst/O
                         net (fo=112, routed)         0.598     1.517    rx_baud_gen/CLK
    SLICE_X6Y66          FDCE                                         r  rx_baud_gen/count_reg[0]/C
  -------------------------------------------------------------------    -------------------
    SLICE_X6Y66          FDCE (Prop_fdce_C_Q)         0.164     1.681 r  rx_baud_gen/count_reg[0]/Q
                         net (fo=34, routed)          0.168     1.849    rx_baud_gen/count_reg_n_0_[0]
    SLICE_X6Y65          LUT5 (Prop_lut5_I0_O)        0.045     1.894 r  rx_baud_gen/count[27]_i_1__0/O
                         net (fo=1, routed)           0.000     1.894    rx_baud_gen/count[27]
    SLICE_X6Y65          FDCE                                         r  rx_baud_gen/count_reg[27]/D
  -------------------------------------------------------------------    -------------------

                         (clock sys_clk_pin rise edge)
                                                      0.000     0.000 r  
    E3                                                0.000     0.000 r  CLK100MHZ (IN)
                         net (fo=0)                   0.000     0.000    CLK100MHZ
    E3                   IBUF (Prop_ibuf_I_O)         0.438     0.438 r  CLK100MHZ_IBUF_inst/O
                         net (fo=1, routed)           0.699     1.136    CLK100MHZ_IBUF
    BUFGCTRL_X0Y16       BUFG (Prop_bufg_I_O)         0.029     1.165 r  CLK100MHZ_IBUF_BUFG_inst/O
                         net (fo=112, routed)         0.868     2.033    rx_baud_gen/CLK
    SLICE_X6Y65          FDCE                                         r  rx_baud_gen/count_reg[27]/C
                         clock pessimism             -0.500     1.532    
    SLICE_X6Y65          FDCE (Hold_fdce_C_D)         0.121     1.653    rx_baud_gen/count_reg[27]
  -------------------------------------------------------------------
                         required time                         -1.653    
                         arrival time                           1.894    
  -------------------------------------------------------------------
                         slack                                  0.241    





Pulse Width Checks
--------------------------------------------------------------------------------------
Clock Name:         sys_clk_pin
Waveform(ns):       { 0.000 5.000 }
Period(ns):         10.000
Sources:            { CLK100MHZ }

Check Type        Corner  Lib Pin  Reference Pin  Required(ns)  Actual(ns)  Slack(ns)  Location        Pin
Min Period        n/a     BUFG/I   n/a            2.155         10.000      7.845      BUFGCTRL_X0Y16  CLK100MHZ_IBUF_BUFG_inst/I
Min Period        n/a     FDCE/C   n/a            1.000         10.000      9.000      SLICE_X3Y70     btnc_d_reg/C
Min Period        n/a     FDCE/C   n/a            1.000         10.000      9.000      SLICE_X6Y66     rx_baud_gen/count_reg[0]/C
Min Period        n/a     FDCE/C   n/a            1.000         10.000      9.000      SLICE_X6Y61     rx_baud_gen/count_reg[10]/C
Min Period        n/a     FDCE/C   n/a            1.000         10.000      9.000      SLICE_X6Y61     rx_baud_gen/count_reg[11]/C
Min Period        n/a     FDCE/C   n/a            1.000         10.000      9.000      SLICE_X6Y61     rx_baud_gen/count_reg[12]/C
Min Period        n/a     FDCE/C   n/a            1.000         10.000      9.000      SLICE_X5Y62     rx_baud_gen/count_reg[13]/C
Min Period        n/a     FDCE/C   n/a            1.000         10.000      9.000      SLICE_X6Y62     rx_baud_gen/count_reg[14]/C
Min Period        n/a     FDCE/C   n/a            1.000         10.000      9.000      SLICE_X6Y62     rx_baud_gen/count_reg[15]/C
Min Period        n/a     FDCE/C   n/a            1.000         10.000      9.000      SLICE_X6Y62     rx_baud_gen/count_reg[16]/C
Low Pulse Width   Slow    FDCE/C   n/a            0.500         5.000       4.500      SLICE_X3Y70     btnc_d_reg/C
Low Pulse Width   Fast    FDCE/C   n/a            0.500         5.000       4.500      SLICE_X3Y70     btnc_d_reg/C
Low Pulse Width   Slow    FDCE/C   n/a            0.500         5.000       4.500      SLICE_X6Y66     rx_baud_gen/count_reg[0]/C
Low Pulse Width   Fast    FDCE/C   n/a            0.500         5.000       4.500      SLICE_X6Y66     rx_baud_gen/count_reg[0]/C
Low Pulse Width   Slow    FDCE/C   n/a            0.500         5.000       4.500      SLICE_X6Y61     rx_baud_gen/count_reg[10]/C
Low Pulse Width   Fast    FDCE/C   n/a            0.500         5.000       4.500      SLICE_X6Y61     rx_baud_gen/count_reg[10]/C
Low Pulse Width   Slow    FDCE/C   n/a            0.500         5.000       4.500      SLICE_X6Y61     rx_baud_gen/count_reg[11]/C
Low Pulse Width   Fast    FDCE/C   n/a            0.500         5.000       4.500      SLICE_X6Y61     rx_baud_gen/count_reg[11]/C
Low Pulse Width   Slow    FDCE/C   n/a            0.500         5.000       4.500      SLICE_X6Y61     rx_baud_gen/count_reg[12]/C
Low Pulse Width   Fast    FDCE/C   n/a            0.500         5.000       4.500      SLICE_X6Y61     rx_baud_gen/count_reg[12]/C
High Pulse Width  Slow    FDCE/C   n/a            0.500         5.000       4.500      SLICE_X3Y70     btnc_d_reg/C
High Pulse Width  Fast    FDCE/C   n/a            0.500         5.000       4.500      SLICE_X3Y70     btnc_d_reg/C
High Pulse Width  Slow    FDCE/C   n/a            0.500         5.000       4.500      SLICE_X6Y66     rx_baud_gen/count_reg[0]/C
High Pulse Width  Fast    FDCE/C   n/a            0.500         5.000       4.500      SLICE_X6Y66     rx_baud_gen/count_reg[0]/C
High Pulse Width  Slow    FDCE/C   n/a            0.500         5.000       4.500      SLICE_X6Y61     rx_baud_gen/count_reg[10]/C
High Pulse Width  Fast    FDCE/C   n/a            0.500         5.000       4.500      SLICE_X6Y61     rx_baud_gen/count_reg[10]/C
High Pulse Width  Slow    FDCE/C   n/a            0.500         5.000       4.500      SLICE_X6Y61     rx_baud_gen/count_reg[11]/C
High Pulse Width  Fast    FDCE/C   n/a            0.500         5.000       4.500      SLICE_X6Y61     rx_baud_gen/count_reg[11]/C
High Pulse Width  Slow    FDCE/C   n/a            0.500         5.000       4.500      SLICE_X6Y61     rx_baud_gen/count_reg[12]/C
High Pulse Width  Fast    FDCE/C   n/a            0.500         5.000       4.500      SLICE_X6Y61     rx_baud_gen/count_reg[12]/C



--------------------------------------------------------------------------------------
Path Group:  (none)
From Clock:  sys_clk_pin
  To Clock:  

Max Delay            13 Endpoints
Min Delay            13 Endpoints
--------------------------------------------------------------------------------------


Max Delay Paths
--------------------------------------------------------------------------------------
Slack:                    inf
  Source:                 uart_trans/tx_reg/C
                            (rising edge-triggered cell FDPE clocked by sys_clk_pin  {rise@0.000ns fall@5.000ns period=10.000ns})
  Destination:            UART_RXD_OUT
                            (output port)
  Path Group:             (none)
  Path Type:              Max at Slow Process Corner
  Data Path Delay:        9.899ns  (logic 4.011ns (40.521%)  route 5.888ns (59.479%))
  Logic Levels:           1  (OBUF=1)
  Clock Uncertainty:      0.025ns  ((TSJ^2 + TIJ^2)^1/2 + DJ) / 2 + PE
    Total System Jitter     (TSJ):    0.050ns
    Total Input Jitter      (TIJ):    0.000ns
    Discrete Jitter          (DJ):    0.000ns
    Phase Error              (PE):    0.000ns

    Location             Delay type                Incr(ns)  Path(ns)    Netlist Resource(s)
  -------------------------------------------------------------------    -------------------
                         (clock sys_clk_pin rise edge)
                                                      0.000     0.000 r  
    E3                                                0.000     0.000 r  CLK100MHZ (IN)
                         net (fo=0)                   0.000     0.000    CLK100MHZ
    E3                   IBUF (Prop_ibuf_I_O)         1.482     1.482 r  CLK100MHZ_IBUF_inst/O
                         net (fo=1, routed)           2.025     3.506    CLK100MHZ_IBUF
    BUFGCTRL_X0Y16       BUFG (Prop_bufg_I_O)         0.096     3.602 r  CLK100MHZ_IBUF_BUFG_inst/O
                         net (fo=112, routed)         1.712     5.315    uart_trans/CLK
    SLICE_X1Y70          FDPE                                         r  uart_trans/tx_reg/C
  -------------------------------------------------------------------    -------------------
    SLICE_X1Y70          FDPE (Prop_fdpe_C_Q)         0.456     5.771 r  uart_trans/tx_reg/Q
                         net (fo=1, routed)           5.888    11.659    UART_RXD_OUT_OBUF
    D4                   OBUF (Prop_obuf_I_O)         3.555    15.214 r  UART_RXD_OUT_OBUF_inst/O
                         net (fo=0)                   0.000    15.214    UART_RXD_OUT
    D4                                                                r  UART_RXD_OUT (OUT)
  -------------------------------------------------------------------    -------------------

Slack:                    inf
  Source:                 uart_rcv/data_out_reg[2]/C
                            (rising edge-triggered cell FDCE clocked by sys_clk_pin  {rise@0.000ns fall@5.000ns period=10.000ns})
  Destination:            LED[2]
                            (output port)
  Path Group:             (none)
  Path Type:              Max at Slow Process Corner
  Data Path Delay:        6.829ns  (logic 4.009ns (58.698%)  route 2.821ns (41.302%))
  Logic Levels:           1  (OBUF=1)
  Clock Uncertainty:      0.025ns  ((TSJ^2 + TIJ^2)^1/2 + DJ) / 2 + PE
    Total System Jitter     (TSJ):    0.050ns
    Total Input Jitter      (TIJ):    0.000ns
    Discrete Jitter          (DJ):    0.000ns
    Phase Error              (PE):    0.000ns

    Location             Delay type                Incr(ns)  Path(ns)    Netlist Resource(s)
  -------------------------------------------------------------------    -------------------
                         (clock sys_clk_pin rise edge)
                                                      0.000     0.000 r  
    E3                                                0.000     0.000 r  CLK100MHZ (IN)
                         net (fo=0)                   0.000     0.000    CLK100MHZ
    E3                   IBUF (Prop_ibuf_I_O)         1.482     1.482 r  CLK100MHZ_IBUF_inst/O
                         net (fo=1, routed)           2.025     3.506    CLK100MHZ_IBUF
    BUFGCTRL_X0Y16       BUFG (Prop_bufg_I_O)         0.096     3.602 r  CLK100MHZ_IBUF_BUFG_inst/O
                         net (fo=112, routed)         1.715     5.318    uart_rcv/CLK
    SLICE_X5Y67          FDCE                                         r  uart_rcv/data_out_reg[2]/C
  -------------------------------------------------------------------    -------------------
    SLICE_X5Y67          FDCE (Prop_fdce_C_Q)         0.456     5.774 r  uart_rcv/data_out_reg[2]/Q
                         net (fo=1, routed)           2.821     8.594    LED_OBUF[2]
    J13                  OBUF (Prop_obuf_I_O)         3.553    12.147 r  LED_OBUF[2]_inst/O
                         net (fo=0)                   0.000    12.147    LED[2]
    J13                                                               r  LED[2] (OUT)
  -------------------------------------------------------------------    -------------------

Slack:                    inf
  Source:                 uart_rcv/data_out_reg[0]/C
                            (rising edge-triggered cell FDCE clocked by sys_clk_pin  {rise@0.000ns fall@5.000ns period=10.000ns})
  Destination:            LED[0]
                            (output port)
  Path Group:             (none)
  Path Type:              Max at Slow Process Corner
  Data Path Delay:        6.829ns  (logic 4.038ns (59.133%)  route 2.791ns (40.867%))
  Logic Levels:           1  (OBUF=1)
  Clock Uncertainty:      0.025ns  ((TSJ^2 + TIJ^2)^1/2 + DJ) / 2 + PE
    Total System Jitter     (TSJ):    0.050ns
    Total Input Jitter      (TIJ):    0.000ns
    Discrete Jitter          (DJ):    0.000ns
    Phase Error              (PE):    0.000ns

    Location             Delay type                Incr(ns)  Path(ns)    Netlist Resource(s)
  -------------------------------------------------------------------    -------------------
                         (clock sys_clk_pin rise edge)
                                                      0.000     0.000 r  
    E3                                                0.000     0.000 r  CLK100MHZ (IN)
                         net (fo=0)                   0.000     0.000    CLK100MHZ
    E3                   IBUF (Prop_ibuf_I_O)         1.482     1.482 r  CLK100MHZ_IBUF_inst/O
                         net (fo=1, routed)           2.025     3.506    CLK100MHZ_IBUF
    BUFGCTRL_X0Y16       BUFG (Prop_bufg_I_O)         0.096     3.602 r  CLK100MHZ_IBUF_BUFG_inst/O
                         net (fo=112, routed)         1.713     5.316    uart_rcv/CLK
    SLICE_X6Y68          FDCE                                         r  uart_rcv/data_out_reg[0]/C
  -------------------------------------------------------------------    -------------------
    SLICE_X6Y68          FDCE (Prop_fdce_C_Q)         0.518     5.834 r  uart_rcv/data_out_reg[0]/Q
                         net (fo=1, routed)           2.791     8.625    LED_OBUF[0]
    H17                  OBUF (Prop_obuf_I_O)         3.520    12.145 r  LED_OBUF[0]_inst/O
                         net (fo=0)                   0.000    12.145    LED[0]
    H17                                                               r  LED[0] (OUT)
  -------------------------------------------------------------------    -------------------

Slack:                    inf
  Source:                 uart_rcv/data_out_reg[1]/C
                            (rising edge-triggered cell FDCE clocked by sys_clk_pin  {rise@0.000ns fall@5.000ns period=10.000ns})
  Destination:            LED[1]
                            (output port)
  Path Group:             (none)
  Path Type:              Max at Slow Process Corner
  Data Path Delay:        6.761ns  (logic 3.991ns (59.032%)  route 2.770ns (40.967%))
  Logic Levels:           1  (OBUF=1)
  Clock Uncertainty:      0.025ns  ((TSJ^2 + TIJ^2)^1/2 + DJ) / 2 + PE
    Total System Jitter     (TSJ):    0.050ns
    Total Input Jitter      (TIJ):    0.000ns
    Discrete Jitter          (DJ):    0.000ns
    Phase Error              (PE):    0.000ns

    Location             Delay type                Incr(ns)  Path(ns)    Netlist Resource(s)
  -------------------------------------------------------------------    -------------------
                         (clock sys_clk_pin rise edge)
                                                      0.000     0.000 r  
    E3                                                0.000     0.000 r  CLK100MHZ (IN)
                         net (fo=0)                   0.000     0.000    CLK100MHZ
    E3                   IBUF (Prop_ibuf_I_O)         1.482     1.482 r  CLK100MHZ_IBUF_inst/O
                         net (fo=1, routed)           2.025     3.506    CLK100MHZ_IBUF
    BUFGCTRL_X0Y16       BUFG (Prop_bufg_I_O)         0.096     3.602 r  CLK100MHZ_IBUF_BUFG_inst/O
                         net (fo=112, routed)         1.715     5.318    uart_rcv/CLK
    SLICE_X7Y67          FDCE                                         r  uart_rcv/data_out_reg[1]/C
  -------------------------------------------------------------------    -------------------
    SLICE_X7Y67          FDCE (Prop_fdce_C_Q)         0.456     5.774 r  uart_rcv/data_out_reg[1]/Q
                         net (fo=1, routed)           2.770     8.544    LED_OBUF[1]
    K15                  OBUF (Prop_obuf_I_O)         3.535    12.079 r  LED_OBUF[1]_inst/O
                         net (fo=0)                   0.000    12.079    LED[1]
    K15                                                               r  LED[1] (OUT)
  -------------------------------------------------------------------    -------------------

Slack:                    inf
  Source:                 uart_rcv/data_out_reg[4]/C
                            (rising edge-triggered cell FDCE clocked by sys_clk_pin  {rise@0.000ns fall@5.000ns period=10.000ns})
  Destination:            LED[4]
                            (output port)
  Path Group:             (none)
  Path Type:              Max at Slow Process Corner
  Data Path Delay:        6.378ns  (logic 4.070ns (63.812%)  route 2.308ns (36.188%))
  Logic Levels:           1  (OBUF=1)
  Clock Uncertainty:      0.025ns  ((TSJ^2 + TIJ^2)^1/2 + DJ) / 2 + PE
    Total System Jitter     (TSJ):    0.050ns
    Total Input Jitter      (TIJ):    0.000ns
    Discrete Jitter          (DJ):    0.000ns
    Phase Error              (PE):    0.000ns

    Location             Delay type                Incr(ns)  Path(ns)    Netlist Resource(s)
  -------------------------------------------------------------------    -------------------
                         (clock sys_clk_pin rise edge)
                                                      0.000     0.000 r  
    E3                                                0.000     0.000 r  CLK100MHZ (IN)
                         net (fo=0)                   0.000     0.000    CLK100MHZ
    E3                   IBUF (Prop_ibuf_I_O)         1.482     1.482 r  CLK100MHZ_IBUF_inst/O
                         net (fo=1, routed)           2.025     3.506    CLK100MHZ_IBUF
    BUFGCTRL_X0Y16       BUFG (Prop_bufg_I_O)         0.096     3.602 r  CLK100MHZ_IBUF_BUFG_inst/O
                         net (fo=112, routed)         1.713     5.316    uart_rcv/CLK
    SLICE_X6Y68          FDCE                                         r  uart_rcv/data_out_reg[4]/C
  -------------------------------------------------------------------    -------------------
    SLICE_X6Y68          FDCE (Prop_fdce_C_Q)         0.518     5.834 r  uart_rcv/data_out_reg[4]/Q
                         net (fo=1, routed)           2.308     8.142    LED_OBUF[4]
    R18                  OBUF (Prop_obuf_I_O)         3.552    11.693 r  LED_OBUF[4]_inst/O
                         net (fo=0)                   0.000    11.693    LED[4]
    R18                                                               r  LED[4] (OUT)
  -------------------------------------------------------------------    -------------------

Slack:                    inf
  Source:                 uart_rcv/data_out_reg[3]/C
                            (rising edge-triggered cell FDCE clocked by sys_clk_pin  {rise@0.000ns fall@5.000ns period=10.000ns})
  Destination:            LED[3]
                            (output port)
  Path Group:             (none)
  Path Type:              Max at Slow Process Corner
  Data Path Delay:        6.297ns  (logic 4.007ns (63.622%)  route 2.291ns (36.378%))
  Logic Levels:           1  (OBUF=1)
  Clock Uncertainty:      0.025ns  ((TSJ^2 + TIJ^2)^1/2 + DJ) / 2 + PE
    Total System Jitter     (TSJ):    0.050ns
    Total Input Jitter      (TIJ):    0.000ns
    Discrete Jitter          (DJ):    0.000ns
    Phase Error              (PE):    0.000ns

    Location             Delay type                Incr(ns)  Path(ns)    Netlist Resource(s)
  -------------------------------------------------------------------    -------------------
                         (clock sys_clk_pin rise edge)
                                                      0.000     0.000 r  
    E3                                                0.000     0.000 r  CLK100MHZ (IN)
                         net (fo=0)                   0.000     0.000    CLK100MHZ
    E3                   IBUF (Prop_ibuf_I_O)         1.482     1.482 r  CLK100MHZ_IBUF_inst/O
                         net (fo=1, routed)           2.025     3.506    CLK100MHZ_IBUF
    BUFGCTRL_X0Y16       BUFG (Prop_bufg_I_O)         0.096     3.602 r  CLK100MHZ_IBUF_BUFG_inst/O
                         net (fo=112, routed)         1.715     5.318    uart_rcv/CLK
    SLICE_X7Y67          FDCE                                         r  uart_rcv/data_out_reg[3]/C
  -------------------------------------------------------------------    -------------------
    SLICE_X7Y67          FDCE (Prop_fdce_C_Q)         0.456     5.774 r  uart_rcv/data_out_reg[3]/Q
                         net (fo=1, routed)           2.291     8.065    LED_OBUF[3]
    N14                  OBUF (Prop_obuf_I_O)         3.551    11.615 r  LED_OBUF[3]_inst/O
                         net (fo=0)                   0.000    11.615    LED[3]
    N14                                                               r  LED[3] (OUT)
  -------------------------------------------------------------------    -------------------

Slack:                    inf
  Source:                 uart_trans/busy_reg/C
                            (rising edge-triggered cell FDCE clocked by sys_clk_pin  {rise@0.000ns fall@5.000ns period=10.000ns})
  Destination:            LED[8]
                            (output port)
  Path Group:             (none)
  Path Type:              Max at Slow Process Corner
  Data Path Delay:        5.947ns  (logic 4.066ns (68.361%)  route 1.882ns (31.639%))
  Logic Levels:           1  (OBUF=1)
  Clock Uncertainty:      0.025ns  ((TSJ^2 + TIJ^2)^1/2 + DJ) / 2 + PE
    Total System Jitter     (TSJ):    0.050ns
    Total Input Jitter      (TIJ):    0.000ns
    Discrete Jitter          (DJ):    0.000ns
    Phase Error              (PE):    0.000ns

    Location             Delay type                Incr(ns)  Path(ns)    Netlist Resource(s)
  -------------------------------------------------------------------    -------------------
                         (clock sys_clk_pin rise edge)
                                                      0.000     0.000 r  
    E3                                                0.000     0.000 r  CLK100MHZ (IN)
                         net (fo=0)                   0.000     0.000    CLK100MHZ
    E3                   IBUF (Prop_ibuf_I_O)         1.482     1.482 r  CLK100MHZ_IBUF_inst/O
                         net (fo=1, routed)           2.025     3.506    CLK100MHZ_IBUF
    BUFGCTRL_X0Y16       BUFG (Prop_bufg_I_O)         0.096     3.602 r  CLK100MHZ_IBUF_BUFG_inst/O
                         net (fo=112, routed)         1.712     5.315    uart_trans/CLK
    SLICE_X2Y70          FDCE                                         r  uart_trans/busy_reg/C
  -------------------------------------------------------------------    -------------------
    SLICE_X2Y70          FDCE (Prop_fdce_C_Q)         0.518     5.833 r  uart_trans/busy_reg/Q
                         net (fo=4, routed)           1.882     7.714    LED_OBUF[8]
    V16                  OBUF (Prop_obuf_I_O)         3.548    11.262 r  LED_OBUF[8]_inst/O
                         net (fo=0)                   0.000    11.262    LED[8]
    V16                                                               r  LED[8] (OUT)
  -------------------------------------------------------------------    -------------------

Slack:                    inf
  Source:                 uart_rcv/data_valid_reg/C
                            (rising edge-triggered cell FDCE clocked by sys_clk_pin  {rise@0.000ns fall@5.000ns period=10.000ns})
  Destination:            LED[10]
                            (output port)
  Path Group:             (none)
  Path Type:              Max at Slow Process Corner
  Data Path Delay:        5.884ns  (logic 4.008ns (68.130%)  route 1.875ns (31.870%))
  Logic Levels:           1  (OBUF=1)
  Clock Uncertainty:      0.025ns  ((TSJ^2 + TIJ^2)^1/2 + DJ) / 2 + PE
    Total System Jitter     (TSJ):    0.050ns
    Total Input Jitter      (TIJ):    0.000ns
    Discrete Jitter          (DJ):    0.000ns
    Phase Error              (PE):    0.000ns

    Location             Delay type                Incr(ns)  Path(ns)    Netlist Resource(s)
  -------------------------------------------------------------------    -------------------
                         (clock sys_clk_pin rise edge)
                                                      0.000     0.000 r  
    E3                                                0.000     0.000 r  CLK100MHZ (IN)
                         net (fo=0)                   0.000     0.000    CLK100MHZ
    E3                   IBUF (Prop_ibuf_I_O)         1.482     1.482 r  CLK100MHZ_IBUF_inst/O
                         net (fo=1, routed)           2.025     3.506    CLK100MHZ_IBUF
    BUFGCTRL_X0Y16       BUFG (Prop_bufg_I_O)         0.096     3.602 r  CLK100MHZ_IBUF_BUFG_inst/O
                         net (fo=112, routed)         1.720     5.323    uart_rcv/CLK
    SLICE_X1Y63          FDCE                                         r  uart_rcv/data_valid_reg/C
  -------------------------------------------------------------------    -------------------
    SLICE_X1Y63          FDCE (Prop_fdce_C_Q)         0.456     5.779 r  uart_rcv/data_valid_reg/Q
                         net (fo=1, routed)           1.875     7.654    LED_OBUF[10]
    U14                  OBUF (Prop_obuf_I_O)         3.552    11.206 r  LED_OBUF[10]_inst/O
                         net (fo=0)                   0.000    11.206    LED[10]
    U14                                                               r  LED[10] (OUT)
  -------------------------------------------------------------------    -------------------

Slack:                    inf
  Source:                 uart_rcv/data_out_reg[5]/C
                            (rising edge-triggered cell FDCE clocked by sys_clk_pin  {rise@0.000ns fall@5.000ns period=10.000ns})
  Destination:            LED[5]
                            (output port)
  Path Group:             (none)
  Path Type:              Max at Slow Process Corner
  Data Path Delay:        5.865ns  (logic 4.008ns (68.331%)  route 1.857ns (31.669%))
  Logic Levels:           1  (OBUF=1)
  Clock Uncertainty:      0.025ns  ((TSJ^2 + TIJ^2)^1/2 + DJ) / 2 + PE
    Total System Jitter     (TSJ):    0.050ns
    Total Input Jitter      (TIJ):    0.000ns
    Discrete Jitter          (DJ):    0.000ns
    Phase Error              (PE):    0.000ns

    Location             Delay type                Incr(ns)  Path(ns)    Netlist Resource(s)
  -------------------------------------------------------------------    -------------------
                         (clock sys_clk_pin rise edge)
                                                      0.000     0.000 r  
    E3                                                0.000     0.000 r  CLK100MHZ (IN)
                         net (fo=0)                   0.000     0.000    CLK100MHZ
    E3                   IBUF (Prop_ibuf_I_O)         1.482     1.482 r  CLK100MHZ_IBUF_inst/O
                         net (fo=1, routed)           2.025     3.506    CLK100MHZ_IBUF
    BUFGCTRL_X0Y16       BUFG (Prop_bufg_I_O)         0.096     3.602 r  CLK100MHZ_IBUF_BUFG_inst/O
                         net (fo=112, routed)         1.715     5.318    uart_rcv/CLK
    SLICE_X7Y67          FDCE                                         r  uart_rcv/data_out_reg[5]/C
  -------------------------------------------------------------------    -------------------
    SLICE_X7Y67          FDCE (Prop_fdce_C_Q)         0.456     5.774 r  uart_rcv/data_out_reg[5]/Q
                         net (fo=1, routed)           1.857     7.631    LED_OBUF[5]
    V17                  OBUF (Prop_obuf_I_O)         3.552    11.183 r  LED_OBUF[5]_inst/O
                         net (fo=0)                   0.000    11.183    LED[5]
    V17                                                               r  LED[5] (OUT)
  -------------------------------------------------------------------    -------------------

Slack:                    inf
  Source:                 uart_rcv/data_out_reg[6]/C
                            (rising edge-triggered cell FDCE clocked by sys_clk_pin  {rise@0.000ns fall@5.000ns period=10.000ns})
  Destination:            LED[6]
                            (output port)
  Path Group:             (none)
  Path Type:              Max at Slow Process Corner
  Data Path Delay:        5.842ns  (logic 4.011ns (68.654%)  route 1.831ns (31.346%))
  Logic Levels:           1  (OBUF=1)
  Clock Uncertainty:      0.025ns  ((TSJ^2 + TIJ^2)^1/2 + DJ) / 2 + PE
    Total System Jitter     (TSJ):    0.050ns
    Total Input Jitter      (TIJ):    0.000ns
    Discrete Jitter          (DJ):    0.000ns
    Phase Error              (PE):    0.000ns

    Location             Delay type                Incr(ns)  Path(ns)    Netlist Resource(s)
  -------------------------------------------------------------------    -------------------
                         (clock sys_clk_pin rise edge)
                                                      0.000     0.000 r  
    E3                                                0.000     0.000 r  CLK100MHZ (IN)
                         net (fo=0)                   0.000     0.000    CLK100MHZ
    E3                   IBUF (Prop_ibuf_I_O)         1.482     1.482 r  CLK100MHZ_IBUF_inst/O
                         net (fo=1, routed)           2.025     3.506    CLK100MHZ_IBUF
    BUFGCTRL_X0Y16       BUFG (Prop_bufg_I_O)         0.096     3.602 r  CLK100MHZ_IBUF_BUFG_inst/O
                         net (fo=112, routed)         1.715     5.318    uart_rcv/CLK
    SLICE_X7Y67          FDCE                                         r  uart_rcv/data_out_reg[6]/C
  -------------------------------------------------------------------    -------------------
    SLICE_X7Y67          FDCE (Prop_fdce_C_Q)         0.456     5.774 r  uart_rcv/data_out_reg[6]/Q
                         net (fo=1, routed)           1.831     7.605    LED_OBUF[6]
    U17                  OBUF (Prop_obuf_I_O)         3.555    11.160 r  LED_OBUF[6]_inst/O
                         net (fo=0)                   0.000    11.160    LED[6]
    U17                                                               r  LED[6] (OUT)
  -------------------------------------------------------------------    -------------------





Min Delay Paths
--------------------------------------------------------------------------------------
Slack:                    inf
  Source:                 uart_trans/done_reg/C
                            (rising edge-triggered cell FDCE clocked by sys_clk_pin  {rise@0.000ns fall@5.000ns period=10.000ns})
  Destination:            LED[9]
                            (output port)
  Path Group:             (none)
  Path Type:              Min at Fast Process Corner
  Data Path Delay:        1.721ns  (logic 1.396ns (81.115%)  route 0.325ns (18.885%))
  Logic Levels:           1  (OBUF=1)
  Clock Uncertainty:      0.025ns  ((TSJ^2 + TIJ^2)^1/2 + DJ) / 2 + PE
    Total System Jitter     (TSJ):    0.050ns
    Total Input Jitter      (TIJ):    0.000ns
    Discrete Jitter          (DJ):    0.000ns
    Phase Error              (PE):    0.000ns

    Location             Delay type                Incr(ns)  Path(ns)    Netlist Resource(s)
  -------------------------------------------------------------------    -------------------
                         (clock sys_clk_pin rise edge)
                                                      0.000     0.000 r  
    E3                                                0.000     0.000 r  CLK100MHZ (IN)
                         net (fo=0)                   0.000     0.000    CLK100MHZ
    E3                   IBUF (Prop_ibuf_I_O)         0.250     0.250 r  CLK100MHZ_IBUF_inst/O
                         net (fo=1, routed)           0.644     0.894    CLK100MHZ_IBUF
    BUFGCTRL_X0Y16       BUFG (Prop_bufg_I_O)         0.026     0.920 r  CLK100MHZ_IBUF_BUFG_inst/O
                         net (fo=112, routed)         0.595     1.514    uart_trans/CLK
    SLICE_X1Y70          FDCE                                         r  uart_trans/done_reg/C
  -------------------------------------------------------------------    -------------------
    SLICE_X1Y70          FDCE (Prop_fdce_C_Q)         0.141     1.655 r  uart_trans/done_reg/Q
                         net (fo=1, routed)           0.325     1.980    LED_OBUF[9]
    T15                  OBUF (Prop_obuf_I_O)         1.255     3.235 r  LED_OBUF[9]_inst/O
                         net (fo=0)                   0.000     3.235    LED[9]
    T15                                                               r  LED[9] (OUT)
  -------------------------------------------------------------------    -------------------

Slack:                    inf
  Source:                 uart_rcv/framing_error_reg/C
                            (rising edge-triggered cell FDCE clocked by sys_clk_pin  {rise@0.000ns fall@5.000ns period=10.000ns})
  Destination:            LED[11]
                            (output port)
  Path Group:             (none)
  Path Type:              Min at Fast Process Corner
  Data Path Delay:        1.721ns  (logic 1.373ns (79.770%)  route 0.348ns (20.230%))
  Logic Levels:           1  (OBUF=1)
  Clock Uncertainty:      0.025ns  ((TSJ^2 + TIJ^2)^1/2 + DJ) / 2 + PE
    Total System Jitter     (TSJ):    0.050ns
    Total Input Jitter      (TIJ):    0.000ns
    Discrete Jitter          (DJ):    0.000ns
    Phase Error              (PE):    0.000ns

    Location             Delay type                Incr(ns)  Path(ns)    Netlist Resource(s)
  -------------------------------------------------------------------    -------------------
                         (clock sys_clk_pin rise edge)
                                                      0.000     0.000 r  
    E3                                                0.000     0.000 r  CLK100MHZ (IN)
                         net (fo=0)                   0.000     0.000    CLK100MHZ
    E3                   IBUF (Prop_ibuf_I_O)         0.250     0.250 r  CLK100MHZ_IBUF_inst/O
                         net (fo=1, routed)           0.644     0.894    CLK100MHZ_IBUF
    BUFGCTRL_X0Y16       BUFG (Prop_bufg_I_O)         0.026     0.920 r  CLK100MHZ_IBUF_BUFG_inst/O
                         net (fo=112, routed)         0.595     1.514    uart_rcv/CLK
    SLICE_X4Y69          FDCE                                         r  uart_rcv/framing_error_reg/C
  -------------------------------------------------------------------    -------------------
    SLICE_X4Y69          FDCE (Prop_fdce_C_Q)         0.141     1.655 r  uart_rcv/framing_error_reg/Q
                         net (fo=1, routed)           0.348     2.004    LED_OBUF[11]
    T16                  OBUF (Prop_obuf_I_O)         1.232     3.236 r  LED_OBUF[11]_inst/O
                         net (fo=0)                   0.000     3.236    LED[11]
    T16                                                               r  LED[11] (OUT)
  -------------------------------------------------------------------    -------------------

Slack:                    inf
  Source:                 uart_rcv/data_out_reg[6]/C
                            (rising edge-triggered cell FDCE clocked by sys_clk_pin  {rise@0.000ns fall@5.000ns period=10.000ns})
  Destination:            LED[6]
                            (output port)
  Path Group:             (none)
  Path Type:              Min at Fast Process Corner
  Data Path Delay:        1.771ns  (logic 1.397ns (78.864%)  route 0.374ns (21.136%))
  Logic Levels:           1  (OBUF=1)
  Clock Uncertainty:      0.025ns  ((TSJ^2 + TIJ^2)^1/2 + DJ) / 2 + PE
    Total System Jitter     (TSJ):    0.050ns
    Total Input Jitter      (TIJ):    0.000ns
    Discrete Jitter          (DJ):    0.000ns
    Phase Error              (PE):    0.000ns

    Location             Delay type                Incr(ns)  Path(ns)    Netlist Resource(s)
  -------------------------------------------------------------------    -------------------
                         (clock sys_clk_pin rise edge)
                                                      0.000     0.000 r  
    E3                                                0.000     0.000 r  CLK100MHZ (IN)
                         net (fo=0)                   0.000     0.000    CLK100MHZ
    E3                   IBUF (Prop_ibuf_I_O)         0.250     0.250 r  CLK100MHZ_IBUF_inst/O
                         net (fo=1, routed)           0.644     0.894    CLK100MHZ_IBUF
    BUFGCTRL_X0Y16       BUFG (Prop_bufg_I_O)         0.026     0.920 r  CLK100MHZ_IBUF_BUFG_inst/O
                         net (fo=112, routed)         0.597     1.516    uart_rcv/CLK
    SLICE_X7Y67          FDCE                                         r  uart_rcv/data_out_reg[6]/C
  -------------------------------------------------------------------    -------------------
    SLICE_X7Y67          FDCE (Prop_fdce_C_Q)         0.141     1.657 r  uart_rcv/data_out_reg[6]/Q
                         net (fo=1, routed)           0.374     2.032    LED_OBUF[6]
    U17                  OBUF (Prop_obuf_I_O)         1.256     3.287 r  LED_OBUF[6]_inst/O
                         net (fo=0)                   0.000     3.287    LED[6]
    U17                                                               r  LED[6] (OUT)
  -------------------------------------------------------------------    -------------------

Slack:                    inf
  Source:                 uart_rcv/data_out_reg[7]/C
                            (rising edge-triggered cell FDCE clocked by sys_clk_pin  {rise@0.000ns fall@5.000ns period=10.000ns})
  Destination:            LED[7]
                            (output port)
  Path Group:             (none)
  Path Type:              Min at Fast Process Corner
  Data Path Delay:        1.772ns  (logic 1.397ns (78.834%)  route 0.375ns (21.166%))
  Logic Levels:           1  (OBUF=1)
  Clock Uncertainty:      0.025ns  ((TSJ^2 + TIJ^2)^1/2 + DJ) / 2 + PE
    Total System Jitter     (TSJ):    0.050ns
    Total Input Jitter      (TIJ):    0.000ns
    Discrete Jitter          (DJ):    0.000ns
    Phase Error              (PE):    0.000ns

    Location             Delay type                Incr(ns)  Path(ns)    Netlist Resource(s)
  -------------------------------------------------------------------    -------------------
                         (clock sys_clk_pin rise edge)
                                                      0.000     0.000 r  
    E3                                                0.000     0.000 r  CLK100MHZ (IN)
                         net (fo=0)                   0.000     0.000    CLK100MHZ
    E3                   IBUF (Prop_ibuf_I_O)         0.250     0.250 r  CLK100MHZ_IBUF_inst/O
                         net (fo=1, routed)           0.644     0.894    CLK100MHZ_IBUF
    BUFGCTRL_X0Y16       BUFG (Prop_bufg_I_O)         0.026     0.920 r  CLK100MHZ_IBUF_BUFG_inst/O
                         net (fo=112, routed)         0.599     1.518    uart_rcv/CLK
    SLICE_X7Y65          FDCE                                         r  uart_rcv/data_out_reg[7]/C
  -------------------------------------------------------------------    -------------------
    SLICE_X7Y65          FDCE (Prop_fdce_C_Q)         0.141     1.659 r  uart_rcv/data_out_reg[7]/Q
                         net (fo=1, routed)           0.375     2.034    LED_OBUF[7]
    U16                  OBUF (Prop_obuf_I_O)         1.256     3.290 r  LED_OBUF[7]_inst/O
                         net (fo=0)                   0.000     3.290    LED[7]
    U16                                                               r  LED[7] (OUT)
  -------------------------------------------------------------------    -------------------

Slack:                    inf
  Source:                 uart_rcv/data_out_reg[5]/C
                            (rising edge-triggered cell FDCE clocked by sys_clk_pin  {rise@0.000ns fall@5.000ns period=10.000ns})
  Destination:            LED[5]
                            (output port)
  Path Group:             (none)
  Path Type:              Min at Fast Process Corner
  Data Path Delay:        1.801ns  (logic 1.393ns (77.375%)  route 0.407ns (22.625%))
  Logic Levels:           1  (OBUF=1)
  Clock Uncertainty:      0.025ns  ((TSJ^2 + TIJ^2)^1/2 + DJ) / 2 + PE
    Total System Jitter     (TSJ):    0.050ns
    Total Input Jitter      (TIJ):    0.000ns
    Discrete Jitter          (DJ):    0.000ns
    Phase Error              (PE):    0.000ns

    Location             Delay type                Incr(ns)  Path(ns)    Netlist Resource(s)
  -------------------------------------------------------------------    -------------------
                         (clock sys_clk_pin rise edge)
                                                      0.000     0.000 r  
    E3                                                0.000     0.000 r  CLK100MHZ (IN)
                         net (fo=0)                   0.000     0.000    CLK100MHZ
    E3                   IBUF (Prop_ibuf_I_O)         0.250     0.250 r  CLK100MHZ_IBUF_inst/O
                         net (fo=1, routed)           0.644     0.894    CLK100MHZ_IBUF
    BUFGCTRL_X0Y16       BUFG (Prop_bufg_I_O)         0.026     0.920 r  CLK100MHZ_IBUF_BUFG_inst/O
                         net (fo=112, routed)         0.597     1.516    uart_rcv/CLK
    SLICE_X7Y67          FDCE                                         r  uart_rcv/data_out_reg[5]/C
  -------------------------------------------------------------------    -------------------
    SLICE_X7Y67          FDCE (Prop_fdce_C_Q)         0.141     1.657 r  uart_rcv/data_out_reg[5]/Q
                         net (fo=1, routed)           0.407     2.065    LED_OBUF[5]
    V17                  OBUF (Prop_obuf_I_O)         1.252     3.317 r  LED_OBUF[5]_inst/O
                         net (fo=0)                   0.000     3.317    LED[5]
    V17                                                               r  LED[5] (OUT)
  -------------------------------------------------------------------    -------------------

Slack:                    inf
  Source:                 uart_rcv/data_valid_reg/C
                            (rising edge-triggered cell FDCE clocked by sys_clk_pin  {rise@0.000ns fall@5.000ns period=10.000ns})
  Destination:            LED[10]
                            (output port)
  Path Group:             (none)
  Path Type:              Min at Fast Process Corner
  Data Path Delay:        1.816ns  (logic 1.394ns (76.759%)  route 0.422ns (23.241%))
  Logic Levels:           1  (OBUF=1)
  Clock Uncertainty:      0.025ns  ((TSJ^2 + TIJ^2)^1/2 + DJ) / 2 + PE
    Total System Jitter     (TSJ):    0.050ns
    Total Input Jitter      (TIJ):    0.000ns
    Discrete Jitter          (DJ):    0.000ns
    Phase Error              (PE):    0.000ns

    Location             Delay type                Incr(ns)  Path(ns)    Netlist Resource(s)
  -------------------------------------------------------------------    -------------------
                         (clock sys_clk_pin rise edge)
                                                      0.000     0.000 r  
    E3                                                0.000     0.000 r  CLK100MHZ (IN)
                         net (fo=0)                   0.000     0.000    CLK100MHZ
    E3                   IBUF (Prop_ibuf_I_O)         0.250     0.250 r  CLK100MHZ_IBUF_inst/O
                         net (fo=1, routed)           0.644     0.894    CLK100MHZ_IBUF
    BUFGCTRL_X0Y16       BUFG (Prop_bufg_I_O)         0.026     0.920 r  CLK100MHZ_IBUF_BUFG_inst/O
                         net (fo=112, routed)         0.600     1.519    uart_rcv/CLK
    SLICE_X1Y63          FDCE                                         r  uart_rcv/data_valid_reg/C
  -------------------------------------------------------------------    -------------------
    SLICE_X1Y63          FDCE (Prop_fdce_C_Q)         0.141     1.660 r  uart_rcv/data_valid_reg/Q
                         net (fo=1, routed)           0.422     2.082    LED_OBUF[10]
    U14                  OBUF (Prop_obuf_I_O)         1.253     3.336 r  LED_OBUF[10]_inst/O
                         net (fo=0)                   0.000     3.336    LED[10]
    U14                                                               r  LED[10] (OUT)
  -------------------------------------------------------------------    -------------------

Slack:                    inf
  Source:                 uart_trans/busy_reg/C
                            (rising edge-triggered cell FDCE clocked by sys_clk_pin  {rise@0.000ns fall@5.000ns period=10.000ns})
  Destination:            LED[8]
                            (output port)
  Path Group:             (none)
  Path Type:              Min at Fast Process Corner
  Data Path Delay:        1.832ns  (logic 1.412ns (77.092%)  route 0.420ns (22.908%))
  Logic Levels:           1  (OBUF=1)
  Clock Uncertainty:      0.025ns  ((TSJ^2 + TIJ^2)^1/2 + DJ) / 2 + PE
    Total System Jitter     (TSJ):    0.050ns
    Total Input Jitter      (TIJ):    0.000ns
    Discrete Jitter          (DJ):    0.000ns
    Phase Error              (PE):    0.000ns

    Location             Delay type                Incr(ns)  Path(ns)    Netlist Resource(s)
  -------------------------------------------------------------------    -------------------
                         (clock sys_clk_pin rise edge)
                                                      0.000     0.000 r  
    E3                                                0.000     0.000 r  CLK100MHZ (IN)
                         net (fo=0)                   0.000     0.000    CLK100MHZ
    E3                   IBUF (Prop_ibuf_I_O)         0.250     0.250 r  CLK100MHZ_IBUF_inst/O
                         net (fo=1, routed)           0.644     0.894    CLK100MHZ_IBUF
    BUFGCTRL_X0Y16       BUFG (Prop_bufg_I_O)         0.026     0.920 r  CLK100MHZ_IBUF_BUFG_inst/O
                         net (fo=112, routed)         0.595     1.514    uart_trans/CLK
    SLICE_X2Y70          FDCE                                         r  uart_trans/busy_reg/C
  -------------------------------------------------------------------    -------------------
    SLICE_X2Y70          FDCE (Prop_fdce_C_Q)         0.164     1.678 r  uart_trans/busy_reg/Q
                         net (fo=4, routed)           0.420     2.098    LED_OBUF[8]
    V16                  OBUF (Prop_obuf_I_O)         1.248     3.346 r  LED_OBUF[8]_inst/O
                         net (fo=0)                   0.000     3.346    LED[8]
    V16                                                               r  LED[8] (OUT)
  -------------------------------------------------------------------    -------------------

Slack:                    inf
  Source:                 uart_rcv/data_out_reg[3]/C
                            (rising edge-triggered cell FDCE clocked by sys_clk_pin  {rise@0.000ns fall@5.000ns period=10.000ns})
  Destination:            LED[3]
                            (output port)
  Path Group:             (none)
  Path Type:              Min at Fast Process Corner
  Data Path Delay:        1.993ns  (logic 1.392ns (69.851%)  route 0.601ns (30.149%))
  Logic Levels:           1  (OBUF=1)
  Clock Uncertainty:      0.025ns  ((TSJ^2 + TIJ^2)^1/2 + DJ) / 2 + PE
    Total System Jitter     (TSJ):    0.050ns
    Total Input Jitter      (TIJ):    0.000ns
    Discrete Jitter          (DJ):    0.000ns
    Phase Error              (PE):    0.000ns

    Location             Delay type                Incr(ns)  Path(ns)    Netlist Resource(s)
  -------------------------------------------------------------------    -------------------
                         (clock sys_clk_pin rise edge)
                                                      0.000     0.000 r  
    E3                                                0.000     0.000 r  CLK100MHZ (IN)
                         net (fo=0)                   0.000     0.000    CLK100MHZ
    E3                   IBUF (Prop_ibuf_I_O)         0.250     0.250 r  CLK100MHZ_IBUF_inst/O
                         net (fo=1, routed)           0.644     0.894    CLK100MHZ_IBUF
    BUFGCTRL_X0Y16       BUFG (Prop_bufg_I_O)         0.026     0.920 r  CLK100MHZ_IBUF_BUFG_inst/O
                         net (fo=112, routed)         0.597     1.516    uart_rcv/CLK
    SLICE_X7Y67          FDCE                                         r  uart_rcv/data_out_reg[3]/C
  -------------------------------------------------------------------    -------------------
    SLICE_X7Y67          FDCE (Prop_fdce_C_Q)         0.141     1.657 r  uart_rcv/data_out_reg[3]/Q
                         net (fo=1, routed)           0.601     2.258    LED_OBUF[3]
    N14                  OBUF (Prop_obuf_I_O)         1.251     3.509 r  LED_OBUF[3]_inst/O
                         net (fo=0)                   0.000     3.509    LED[3]
    N14                                                               r  LED[3] (OUT)
  -------------------------------------------------------------------    -------------------

Slack:                    inf
  Source:                 uart_rcv/data_out_reg[4]/C
                            (rising edge-triggered cell FDCE clocked by sys_clk_pin  {rise@0.000ns fall@5.000ns period=10.000ns})
  Destination:            LED[4]
                            (output port)
  Path Group:             (none)
  Path Type:              Min at Fast Process Corner
  Data Path Delay:        2.038ns  (logic 1.416ns (69.489%)  route 0.622ns (30.511%))
  Logic Levels:           1  (OBUF=1)
  Clock Uncertainty:      0.025ns  ((TSJ^2 + TIJ^2)^1/2 + DJ) / 2 + PE
    Total System Jitter     (TSJ):    0.050ns
    Total Input Jitter      (TIJ):    0.000ns
    Discrete Jitter          (DJ):    0.000ns
    Phase Error              (PE):    0.000ns

    Location             Delay type                Incr(ns)  Path(ns)    Netlist Resource(s)
  -------------------------------------------------------------------    -------------------
                         (clock sys_clk_pin rise edge)
                                                      0.000     0.000 r  
    E3                                                0.000     0.000 r  CLK100MHZ (IN)
                         net (fo=0)                   0.000     0.000    CLK100MHZ
    E3                   IBUF (Prop_ibuf_I_O)         0.250     0.250 r  CLK100MHZ_IBUF_inst/O
                         net (fo=1, routed)           0.644     0.894    CLK100MHZ_IBUF
    BUFGCTRL_X0Y16       BUFG (Prop_bufg_I_O)         0.026     0.920 r  CLK100MHZ_IBUF_BUFG_inst/O
                         net (fo=112, routed)         0.596     1.515    uart_rcv/CLK
    SLICE_X6Y68          FDCE                                         r  uart_rcv/data_out_reg[4]/C
  -------------------------------------------------------------------    -------------------
    SLICE_X6Y68          FDCE (Prop_fdce_C_Q)         0.164     1.679 r  uart_rcv/data_out_reg[4]/Q
                         net (fo=1, routed)           0.622     2.301    LED_OBUF[4]
    R18                  OBUF (Prop_obuf_I_O)         1.252     3.554 r  LED_OBUF[4]_inst/O
                         net (fo=0)                   0.000     3.554    LED[4]
    R18                                                               r  LED[4] (OUT)
  -------------------------------------------------------------------    -------------------

Slack:                    inf
  Source:                 uart_rcv/data_out_reg[0]/C
                            (rising edge-triggered cell FDCE clocked by sys_clk_pin  {rise@0.000ns fall@5.000ns period=10.000ns})
  Destination:            LED[0]
                            (output port)
  Path Group:             (none)
  Path Type:              Min at Fast Process Corner
  Data Path Delay:        2.146ns  (logic 1.385ns (64.545%)  route 0.761ns (35.455%))
  Logic Levels:           1  (OBUF=1)
  Clock Uncertainty:      0.025ns  ((TSJ^2 + TIJ^2)^1/2 + DJ) / 2 + PE
    Total System Jitter     (TSJ):    0.050ns
    Total Input Jitter      (TIJ):    0.000ns
    Discrete Jitter          (DJ):    0.000ns
    Phase Error              (PE):    0.000ns

    Location             Delay type                Incr(ns)  Path(ns)    Netlist Resource(s)
  -------------------------------------------------------------------    -------------------
                         (clock sys_clk_pin rise edge)
                                                      0.000     0.000 r  
    E3                                                0.000     0.000 r  CLK100MHZ (IN)
                         net (fo=0)                   0.000     0.000    CLK100MHZ
    E3                   IBUF (Prop_ibuf_I_O)         0.250     0.250 r  CLK100MHZ_IBUF_inst/O
                         net (fo=1, routed)           0.644     0.894    CLK100MHZ_IBUF
    BUFGCTRL_X0Y16       BUFG (Prop_bufg_I_O)         0.026     0.920 r  CLK100MHZ_IBUF_BUFG_inst/O
                         net (fo=112, routed)         0.596     1.515    uart_rcv/CLK
    SLICE_X6Y68          FDCE                                         r  uart_rcv/data_out_reg[0]/C
  -------------------------------------------------------------------    -------------------
    SLICE_X6Y68          FDCE (Prop_fdce_C_Q)         0.164     1.679 r  uart_rcv/data_out_reg[0]/Q
                         net (fo=1, routed)           0.761     2.440    LED_OBUF[0]
    H17                  OBUF (Prop_obuf_I_O)         1.221     3.662 r  LED_OBUF[0]_inst/O
                         net (fo=0)                   0.000     3.662    LED[0]
    H17                                                               r  LED[0] (OUT)
  -------------------------------------------------------------------    -------------------





--------------------------------------------------------------------------------------
Path Group:  (none)
From Clock:  
  To Clock:  sys_clk_pin

Max Delay           135 Endpoints
Min Delay           135 Endpoints
--------------------------------------------------------------------------------------


Max Delay Paths
--------------------------------------------------------------------------------------
Slack:                    inf
  Source:                 CPU_RESETN
                            (input port)
  Destination:            rx_baud_gen/count_reg[5]/CLR
                            (recovery check against rising-edge clock sys_clk_pin  {rise@0.000ns fall@5.000ns period=10.000ns})
  Path Group:             (none)
  Path Type:              Recovery (Max at Slow Process Corner)
  Data Path Delay:        7.626ns  (logic 1.631ns (21.388%)  route 5.995ns (78.612%))
  Logic Levels:           2  (IBUF=1 LUT1=1)
  Clock Path Skew:        5.024ns (DCD - SCD + CPR)
    Destination Clock Delay (DCD):    5.024ns
    Source Clock Delay      (SCD):    0.000ns
    Clock Pessimism Removal (CPR):    0.000ns
  Clock Uncertainty:      0.025ns  ((TSJ^2 + TIJ^2)^1/2 + DJ) / 2 + PE
    Total System Jitter     (TSJ):    0.050ns
    Total Input Jitter      (TIJ):    0.000ns
    Discrete Jitter          (DJ):    0.000ns
    Phase Error              (PE):    0.000ns

    Location             Delay type                Incr(ns)  Path(ns)    Netlist Resource(s)
  -------------------------------------------------------------------    -------------------
    C12                                               0.000     0.000 r  CPU_RESETN (IN)
                         net (fo=0)                   0.000     0.000    CPU_RESETN
    C12                  IBUF (Prop_ibuf_I_O)         1.507     1.507 r  CPU_RESETN_IBUF_inst/O
                         net (fo=1, routed)           3.312     4.819    rx_baud_gen/CPU_RESETN_IBUF
    SLICE_X0Y72          LUT1 (Prop_lut1_I0_O)        0.124     4.943 f  rx_baud_gen/FSM_sequential_state[1]_i_2__0/O
                         net (fo=112, routed)         2.683     7.626    rx_baud_gen/CPU_RESETN
    SLICE_X6Y60          FDCE                                         f  rx_baud_gen/count_reg[5]/CLR
  -------------------------------------------------------------------    -------------------

                         (clock sys_clk_pin rise edge)
                                                      0.000     0.000 r  
    E3                                                0.000     0.000 r  CLK100MHZ (IN)
                         net (fo=0)                   0.000     0.000    CLK100MHZ
    E3                   IBUF (Prop_ibuf_I_O)         1.411     1.411 r  CLK100MHZ_IBUF_inst/O
                         net (fo=1, routed)           1.920     3.331    CLK100MHZ_IBUF
    BUFGCTRL_X0Y16       BUFG (Prop_bufg_I_O)         0.091     3.422 r  CLK100MHZ_IBUF_BUFG_inst/O
                         net (fo=112, routed)         1.601     5.024    rx_baud_gen/CLK
    SLICE_X6Y60          FDCE                                         r  rx_baud_gen/count_reg[5]/C

Slack:                    inf
  Source:                 CPU_RESETN
                            (input port)
  Destination:            rx_baud_gen/count_reg[7]/CLR
                            (recovery check against rising-edge clock sys_clk_pin  {rise@0.000ns fall@5.000ns period=10.000ns})
  Path Group:             (none)
  Path Type:              Recovery (Max at Slow Process Corner)
  Data Path Delay:        7.626ns  (logic 1.631ns (21.388%)  route 5.995ns (78.612%))
  Logic Levels:           2  (IBUF=1 LUT1=1)
  Clock Path Skew:        5.024ns (DCD - SCD + CPR)
    Destination Clock Delay (DCD):    5.024ns
    Source Clock Delay      (SCD):    0.000ns
    Clock Pessimism Removal (CPR):    0.000ns
  Clock Uncertainty:      0.025ns  ((TSJ^2 + TIJ^2)^1/2 + DJ) / 2 + PE
    Total System Jitter     (TSJ):    0.050ns
    Total Input Jitter      (TIJ):    0.000ns
    Discrete Jitter          (DJ):    0.000ns
    Phase Error              (PE):    0.000ns

    Location             Delay type                Incr(ns)  Path(ns)    Netlist Resource(s)
  -------------------------------------------------------------------    -------------------
    C12                                               0.000     0.000 r  CPU_RESETN (IN)
                         net (fo=0)                   0.000     0.000    CPU_RESETN
    C12                  IBUF (Prop_ibuf_I_O)         1.507     1.507 r  CPU_RESETN_IBUF_inst/O
                         net (fo=1, routed)           3.312     4.819    rx_baud_gen/CPU_RESETN_IBUF
    SLICE_X0Y72          LUT1 (Prop_lut1_I0_O)        0.124     4.943 f  rx_baud_gen/FSM_sequential_state[1]_i_2__0/O
                         net (fo=112, routed)         2.683     7.626    rx_baud_gen/CPU_RESETN
    SLICE_X6Y60          FDCE                                         f  rx_baud_gen/count_reg[7]/CLR
  -------------------------------------------------------------------    -------------------

                         (clock sys_clk_pin rise edge)
                                                      0.000     0.000 r  
    E3                                                0.000     0.000 r  CLK100MHZ (IN)
                         net (fo=0)                   0.000     0.000    CLK100MHZ
    E3                   IBUF (Prop_ibuf_I_O)         1.411     1.411 r  CLK100MHZ_IBUF_inst/O
                         net (fo=1, routed)           1.920     3.331    CLK100MHZ_IBUF
    BUFGCTRL_X0Y16       BUFG (Prop_bufg_I_O)         0.091     3.422 r  CLK100MHZ_IBUF_BUFG_inst/O
                         net (fo=112, routed)         1.601     5.024    rx_baud_gen/CLK
    SLICE_X6Y60          FDCE                                         r  rx_baud_gen/count_reg[7]/C

Slack:                    inf
  Source:                 CPU_RESETN
                            (input port)
  Destination:            rx_baud_gen/count_reg[8]/CLR
                            (recovery check against rising-edge clock sys_clk_pin  {rise@0.000ns fall@5.000ns period=10.000ns})
  Path Group:             (none)
  Path Type:              Recovery (Max at Slow Process Corner)
  Data Path Delay:        7.626ns  (logic 1.631ns (21.388%)  route 5.995ns (78.612%))
  Logic Levels:           2  (IBUF=1 LUT1=1)
  Clock Path Skew:        5.024ns (DCD - SCD + CPR)
    Destination Clock Delay (DCD):    5.024ns
    Source Clock Delay      (SCD):    0.000ns
    Clock Pessimism Removal (CPR):    0.000ns
  Clock Uncertainty:      0.025ns  ((TSJ^2 + TIJ^2)^1/2 + DJ) / 2 + PE
    Total System Jitter     (TSJ):    0.050ns
    Total Input Jitter      (TIJ):    0.000ns
    Discrete Jitter          (DJ):    0.000ns
    Phase Error              (PE):    0.000ns

    Location             Delay type                Incr(ns)  Path(ns)    Netlist Resource(s)
  -------------------------------------------------------------------    -------------------
    C12                                               0.000     0.000 r  CPU_RESETN (IN)
                         net (fo=0)                   0.000     0.000    CPU_RESETN
    C12                  IBUF (Prop_ibuf_I_O)         1.507     1.507 r  CPU_RESETN_IBUF_inst/O
                         net (fo=1, routed)           3.312     4.819    rx_baud_gen/CPU_RESETN_IBUF
    SLICE_X0Y72          LUT1 (Prop_lut1_I0_O)        0.124     4.943 f  rx_baud_gen/FSM_sequential_state[1]_i_2__0/O
                         net (fo=112, routed)         2.683     7.626    rx_baud_gen/CPU_RESETN
    SLICE_X6Y60          FDCE                                         f  rx_baud_gen/count_reg[8]/CLR
  -------------------------------------------------------------------    -------------------

                         (clock sys_clk_pin rise edge)
                                                      0.000     0.000 r  
    E3                                                0.000     0.000 r  CLK100MHZ (IN)
                         net (fo=0)                   0.000     0.000    CLK100MHZ
    E3                   IBUF (Prop_ibuf_I_O)         1.411     1.411 r  CLK100MHZ_IBUF_inst/O
                         net (fo=1, routed)           1.920     3.331    CLK100MHZ_IBUF
    BUFGCTRL_X0Y16       BUFG (Prop_bufg_I_O)         0.091     3.422 r  CLK100MHZ_IBUF_BUFG_inst/O
                         net (fo=112, routed)         1.601     5.024    rx_baud_gen/CLK
    SLICE_X6Y60          FDCE                                         r  rx_baud_gen/count_reg[8]/C

Slack:                    inf
  Source:                 CPU_RESETN
                            (input port)
  Destination:            tx_baud_gen/count_reg[1]/CLR
                            (recovery check against rising-edge clock sys_clk_pin  {rise@0.000ns fall@5.000ns period=10.000ns})
  Path Group:             (none)
  Path Type:              Recovery (Max at Slow Process Corner)
  Data Path Delay:        7.507ns  (logic 1.631ns (21.727%)  route 5.876ns (78.273%))
  Logic Levels:           2  (IBUF=1 LUT1=1)
  Clock Path Skew:        5.026ns (DCD - SCD + CPR)
    Destination Clock Delay (DCD):    5.026ns
    Source Clock Delay      (SCD):    0.000ns
    Clock Pessimism Removal (CPR):    0.000ns
  Clock Uncertainty:      0.025ns  ((TSJ^2 + TIJ^2)^1/2 + DJ) / 2 + PE
    Total System Jitter     (TSJ):    0.050ns
    Total Input Jitter      (TIJ):    0.000ns
    Discrete Jitter          (DJ):    0.000ns
    Phase Error              (PE):    0.000ns

    Location             Delay type                Incr(ns)  Path(ns)    Netlist Resource(s)
  -------------------------------------------------------------------    -------------------
    C12                                               0.000     0.000 r  CPU_RESETN (IN)
                         net (fo=0)                   0.000     0.000    CPU_RESETN
    C12                  IBUF (Prop_ibuf_I_O)         1.507     1.507 r  CPU_RESETN_IBUF_inst/O
                         net (fo=1, routed)           3.312     4.819    rx_baud_gen/CPU_RESETN_IBUF
    SLICE_X0Y72          LUT1 (Prop_lut1_I0_O)        0.124     4.943 f  rx_baud_gen/FSM_sequential_state[1]_i_2__0/O
                         net (fo=112, routed)         2.564     7.507    tx_baud_gen/count_reg[0]_0
    SLICE_X0Y60          FDCE                                         f  tx_baud_gen/count_reg[1]/CLR
  -------------------------------------------------------------------    -------------------

                         (clock sys_clk_pin rise edge)
                                                      0.000     0.000 r  
    E3                                                0.000     0.000 r  CLK100MHZ (IN)
                         net (fo=0)                   0.000     0.000    CLK100MHZ
    E3                   IBUF (Prop_ibuf_I_O)         1.411     1.411 r  CLK100MHZ_IBUF_inst/O
                         net (fo=1, routed)           1.920     3.331    CLK100MHZ_IBUF
    BUFGCTRL_X0Y16       BUFG (Prop_bufg_I_O)         0.091     3.422 r  CLK100MHZ_IBUF_BUFG_inst/O
                         net (fo=112, routed)         1.603     5.026    tx_baud_gen/CLK
    SLICE_X0Y60          FDCE                                         r  tx_baud_gen/count_reg[1]/C

Slack:                    inf
  Source:                 CPU_RESETN
                            (input port)
  Destination:            tx_baud_gen/count_reg[2]/CLR
                            (recovery check against rising-edge clock sys_clk_pin  {rise@0.000ns fall@5.000ns period=10.000ns})
  Path Group:             (none)
  Path Type:              Recovery (Max at Slow Process Corner)
  Data Path Delay:        7.507ns  (logic 1.631ns (21.727%)  route 5.876ns (78.273%))
  Logic Levels:           2  (IBUF=1 LUT1=1)
  Clock Path Skew:        5.026ns (DCD - SCD + CPR)
    Destination Clock Delay (DCD):    5.026ns
    Source Clock Delay      (SCD):    0.000ns
    Clock Pessimism Removal (CPR):    0.000ns
  Clock Uncertainty:      0.025ns  ((TSJ^2 + TIJ^2)^1/2 + DJ) / 2 + PE
    Total System Jitter     (TSJ):    0.050ns
    Total Input Jitter      (TIJ):    0.000ns
    Discrete Jitter          (DJ):    0.000ns
    Phase Error              (PE):    0.000ns

    Location             Delay type                Incr(ns)  Path(ns)    Netlist Resource(s)
  -------------------------------------------------------------------    -------------------
    C12                                               0.000     0.000 r  CPU_RESETN (IN)
                         net (fo=0)                   0.000     0.000    CPU_RESETN
    C12                  IBUF (Prop_ibuf_I_O)         1.507     1.507 r  CPU_RESETN_IBUF_inst/O
                         net (fo=1, routed)           3.312     4.819    rx_baud_gen/CPU_RESETN_IBUF
    SLICE_X0Y72          LUT1 (Prop_lut1_I0_O)        0.124     4.943 f  rx_baud_gen/FSM_sequential_state[1]_i_2__0/O
                         net (fo=112, routed)         2.564     7.507    tx_baud_gen/count_reg[0]_0
    SLICE_X0Y60          FDCE                                         f  tx_baud_gen/count_reg[2]/CLR
  -------------------------------------------------------------------    -------------------

                         (clock sys_clk_pin rise edge)
                                                      0.000     0.000 r  
    E3                                                0.000     0.000 r  CLK100MHZ (IN)
                         net (fo=0)                   0.000     0.000    CLK100MHZ
    E3                   IBUF (Prop_ibuf_I_O)         1.411     1.411 r  CLK100MHZ_IBUF_inst/O
                         net (fo=1, routed)           1.920     3.331    CLK100MHZ_IBUF
    BUFGCTRL_X0Y16       BUFG (Prop_bufg_I_O)         0.091     3.422 r  CLK100MHZ_IBUF_BUFG_inst/O
                         net (fo=112, routed)         1.603     5.026    tx_baud_gen/CLK
    SLICE_X0Y60          FDCE                                         r  tx_baud_gen/count_reg[2]/C

Slack:                    inf
  Source:                 CPU_RESETN
                            (input port)
  Destination:            tx_baud_gen/count_reg[3]/CLR
                            (recovery check against rising-edge clock sys_clk_pin  {rise@0.000ns fall@5.000ns period=10.000ns})
  Path Group:             (none)
  Path Type:              Recovery (Max at Slow Process Corner)
  Data Path Delay:        7.507ns  (logic 1.631ns (21.727%)  route 5.876ns (78.273%))
  Logic Levels:           2  (IBUF=1 LUT1=1)
  Clock Path Skew:        5.026ns (DCD - SCD + CPR)
    Destination Clock Delay (DCD):    5.026ns
    Source Clock Delay      (SCD):    0.000ns
    Clock Pessimism Removal (CPR):    0.000ns
  Clock Uncertainty:      0.025ns  ((TSJ^2 + TIJ^2)^1/2 + DJ) / 2 + PE
    Total System Jitter     (TSJ):    0.050ns
    Total Input Jitter      (TIJ):    0.000ns
    Discrete Jitter          (DJ):    0.000ns
    Phase Error              (PE):    0.000ns

    Location             Delay type                Incr(ns)  Path(ns)    Netlist Resource(s)
  -------------------------------------------------------------------    -------------------
    C12                                               0.000     0.000 r  CPU_RESETN (IN)
                         net (fo=0)                   0.000     0.000    CPU_RESETN
    C12                  IBUF (Prop_ibuf_I_O)         1.507     1.507 r  CPU_RESETN_IBUF_inst/O
                         net (fo=1, routed)           3.312     4.819    rx_baud_gen/CPU_RESETN_IBUF
    SLICE_X0Y72          LUT1 (Prop_lut1_I0_O)        0.124     4.943 f  rx_baud_gen/FSM_sequential_state[1]_i_2__0/O
                         net (fo=112, routed)         2.564     7.507    tx_baud_gen/count_reg[0]_0
    SLICE_X0Y60          FDCE                                         f  tx_baud_gen/count_reg[3]/CLR
  -------------------------------------------------------------------    -------------------

                         (clock sys_clk_pin rise edge)
                                                      0.000     0.000 r  
    E3                                                0.000     0.000 r  CLK100MHZ (IN)
                         net (fo=0)                   0.000     0.000    CLK100MHZ
    E3                   IBUF (Prop_ibuf_I_O)         1.411     1.411 r  CLK100MHZ_IBUF_inst/O
                         net (fo=1, routed)           1.920     3.331    CLK100MHZ_IBUF
    BUFGCTRL_X0Y16       BUFG (Prop_bufg_I_O)         0.091     3.422 r  CLK100MHZ_IBUF_BUFG_inst/O
                         net (fo=112, routed)         1.603     5.026    tx_baud_gen/CLK
    SLICE_X0Y60          FDCE                                         r  tx_baud_gen/count_reg[3]/C

Slack:                    inf
  Source:                 CPU_RESETN
                            (input port)
  Destination:            rx_baud_gen/count_reg[2]/CLR
                            (recovery check against rising-edge clock sys_clk_pin  {rise@0.000ns fall@5.000ns period=10.000ns})
  Path Group:             (none)
  Path Type:              Recovery (Max at Slow Process Corner)
  Data Path Delay:        7.488ns  (logic 1.631ns (21.783%)  route 5.857ns (78.217%))
  Logic Levels:           2  (IBUF=1 LUT1=1)
  Clock Path Skew:        5.024ns (DCD - SCD + CPR)
    Destination Clock Delay (DCD):    5.024ns
    Source Clock Delay      (SCD):    0.000ns
    Clock Pessimism Removal (CPR):    0.000ns
  Clock Uncertainty:      0.025ns  ((TSJ^2 + TIJ^2)^1/2 + DJ) / 2 + PE
    Total System Jitter     (TSJ):    0.050ns
    Total Input Jitter      (TIJ):    0.000ns
    Discrete Jitter          (DJ):    0.000ns
    Phase Error              (PE):    0.000ns

    Location             Delay type                Incr(ns)  Path(ns)    Netlist Resource(s)
  -------------------------------------------------------------------    -------------------
    C12                                               0.000     0.000 r  CPU_RESETN (IN)
                         net (fo=0)                   0.000     0.000    CPU_RESETN
    C12                  IBUF (Prop_ibuf_I_O)         1.507     1.507 r  CPU_RESETN_IBUF_inst/O
                         net (fo=1, routed)           3.312     4.819    rx_baud_gen/CPU_RESETN_IBUF
    SLICE_X0Y72          LUT1 (Prop_lut1_I0_O)        0.124     4.943 f  rx_baud_gen/FSM_sequential_state[1]_i_2__0/O
                         net (fo=112, routed)         2.544     7.488    rx_baud_gen/CPU_RESETN
    SLICE_X6Y59          FDCE                                         f  rx_baud_gen/count_reg[2]/CLR
  -------------------------------------------------------------------    -------------------

                         (clock sys_clk_pin rise edge)
                                                      0.000     0.000 r  
    E3                                                0.000     0.000 r  CLK100MHZ (IN)
                         net (fo=0)                   0.000     0.000    CLK100MHZ
    E3                   IBUF (Prop_ibuf_I_O)         1.411     1.411 r  CLK100MHZ_IBUF_inst/O
                         net (fo=1, routed)           1.920     3.331    CLK100MHZ_IBUF
    BUFGCTRL_X0Y16       BUFG (Prop_bufg_I_O)         0.091     3.422 r  CLK100MHZ_IBUF_BUFG_inst/O
                         net (fo=112, routed)         1.601     5.024    rx_baud_gen/CLK
    SLICE_X6Y59          FDCE                                         r  rx_baud_gen/count_reg[2]/C

Slack:                    inf
  Source:                 CPU_RESETN
                            (input port)
  Destination:            rx_baud_gen/count_reg[3]/CLR
                            (recovery check against rising-edge clock sys_clk_pin  {rise@0.000ns fall@5.000ns period=10.000ns})
  Path Group:             (none)
  Path Type:              Recovery (Max at Slow Process Corner)
  Data Path Delay:        7.488ns  (logic 1.631ns (21.783%)  route 5.857ns (78.217%))
  Logic Levels:           2  (IBUF=1 LUT1=1)
  Clock Path Skew:        5.024ns (DCD - SCD + CPR)
    Destination Clock Delay (DCD):    5.024ns
    Source Clock Delay      (SCD):    0.000ns
    Clock Pessimism Removal (CPR):    0.000ns
  Clock Uncertainty:      0.025ns  ((TSJ^2 + TIJ^2)^1/2 + DJ) / 2 + PE
    Total System Jitter     (TSJ):    0.050ns
    Total Input Jitter      (TIJ):    0.000ns
    Discrete Jitter          (DJ):    0.000ns
    Phase Error              (PE):    0.000ns

    Location             Delay type                Incr(ns)  Path(ns)    Netlist Resource(s)
  -------------------------------------------------------------------    -------------------
    C12                                               0.000     0.000 r  CPU_RESETN (IN)
                         net (fo=0)                   0.000     0.000    CPU_RESETN
    C12                  IBUF (Prop_ibuf_I_O)         1.507     1.507 r  CPU_RESETN_IBUF_inst/O
                         net (fo=1, routed)           3.312     4.819    rx_baud_gen/CPU_RESETN_IBUF
    SLICE_X0Y72          LUT1 (Prop_lut1_I0_O)        0.124     4.943 f  rx_baud_gen/FSM_sequential_state[1]_i_2__0/O
                         net (fo=112, routed)         2.544     7.488    rx_baud_gen/CPU_RESETN
    SLICE_X6Y59          FDCE                                         f  rx_baud_gen/count_reg[3]/CLR
  -------------------------------------------------------------------    -------------------

                         (clock sys_clk_pin rise edge)
                                                      0.000     0.000 r  
    E3                                                0.000     0.000 r  CLK100MHZ (IN)
                         net (fo=0)                   0.000     0.000    CLK100MHZ
    E3                   IBUF (Prop_ibuf_I_O)         1.411     1.411 r  CLK100MHZ_IBUF_inst/O
                         net (fo=1, routed)           1.920     3.331    CLK100MHZ_IBUF
    BUFGCTRL_X0Y16       BUFG (Prop_bufg_I_O)         0.091     3.422 r  CLK100MHZ_IBUF_BUFG_inst/O
                         net (fo=112, routed)         1.601     5.024    rx_baud_gen/CLK
    SLICE_X6Y59          FDCE                                         r  rx_baud_gen/count_reg[3]/C

Slack:                    inf
  Source:                 CPU_RESETN
                            (input port)
  Destination:            rx_baud_gen/count_reg[4]/CLR
                            (recovery check against rising-edge clock sys_clk_pin  {rise@0.000ns fall@5.000ns period=10.000ns})
  Path Group:             (none)
  Path Type:              Recovery (Max at Slow Process Corner)
  Data Path Delay:        7.488ns  (logic 1.631ns (21.783%)  route 5.857ns (78.217%))
  Logic Levels:           2  (IBUF=1 LUT1=1)
  Clock Path Skew:        5.024ns (DCD - SCD + CPR)
    Destination Clock Delay (DCD):    5.024ns
    Source Clock Delay      (SCD):    0.000ns
    Clock Pessimism Removal (CPR):    0.000ns
  Clock Uncertainty:      0.025ns  ((TSJ^2 + TIJ^2)^1/2 + DJ) / 2 + PE
    Total System Jitter     (TSJ):    0.050ns
    Total Input Jitter      (TIJ):    0.000ns
    Discrete Jitter          (DJ):    0.000ns
    Phase Error              (PE):    0.000ns

    Location             Delay type                Incr(ns)  Path(ns)    Netlist Resource(s)
  -------------------------------------------------------------------    -------------------
    C12                                               0.000     0.000 r  CPU_RESETN (IN)
                         net (fo=0)                   0.000     0.000    CPU_RESETN
    C12                  IBUF (Prop_ibuf_I_O)         1.507     1.507 r  CPU_RESETN_IBUF_inst/O
                         net (fo=1, routed)           3.312     4.819    rx_baud_gen/CPU_RESETN_IBUF
    SLICE_X0Y72          LUT1 (Prop_lut1_I0_O)        0.124     4.943 f  rx_baud_gen/FSM_sequential_state[1]_i_2__0/O
                         net (fo=112, routed)         2.544     7.488    rx_baud_gen/CPU_RESETN
    SLICE_X6Y59          FDCE                                         f  rx_baud_gen/count_reg[4]/CLR
  -------------------------------------------------------------------    -------------------

                         (clock sys_clk_pin rise edge)
                                                      0.000     0.000 r  
    E3                                                0.000     0.000 r  CLK100MHZ (IN)
                         net (fo=0)                   0.000     0.000    CLK100MHZ
    E3                   IBUF (Prop_ibuf_I_O)         1.411     1.411 r  CLK100MHZ_IBUF_inst/O
                         net (fo=1, routed)           1.920     3.331    CLK100MHZ_IBUF
    BUFGCTRL_X0Y16       BUFG (Prop_bufg_I_O)         0.091     3.422 r  CLK100MHZ_IBUF_BUFG_inst/O
                         net (fo=112, routed)         1.601     5.024    rx_baud_gen/CLK
    SLICE_X6Y59          FDCE                                         r  rx_baud_gen/count_reg[4]/C

Slack:                    inf
  Source:                 CPU_RESETN
                            (input port)
  Destination:            tx_baud_gen/count_reg[5]/CLR
                            (recovery check against rising-edge clock sys_clk_pin  {rise@0.000ns fall@5.000ns period=10.000ns})
  Path Group:             (none)
  Path Type:              Recovery (Max at Slow Process Corner)
  Data Path Delay:        7.360ns  (logic 1.631ns (22.162%)  route 5.729ns (77.838%))
  Logic Levels:           2  (IBUF=1 LUT1=1)
  Clock Path Skew:        5.025ns (DCD - SCD + CPR)
    Destination Clock Delay (DCD):    5.025ns
    Source Clock Delay      (SCD):    0.000ns
    Clock Pessimism Removal (CPR):    0.000ns
  Clock Uncertainty:      0.025ns  ((TSJ^2 + TIJ^2)^1/2 + DJ) / 2 + PE
    Total System Jitter     (TSJ):    0.050ns
    Total Input Jitter      (TIJ):    0.000ns
    Discrete Jitter          (DJ):    0.000ns
    Phase Error              (PE):    0.000ns

    Location             Delay type                Incr(ns)  Path(ns)    Netlist Resource(s)
  -------------------------------------------------------------------    -------------------
    C12                                               0.000     0.000 r  CPU_RESETN (IN)
                         net (fo=0)                   0.000     0.000    CPU_RESETN
    C12                  IBUF (Prop_ibuf_I_O)         1.507     1.507 r  CPU_RESETN_IBUF_inst/O
                         net (fo=1, routed)           3.312     4.819    rx_baud_gen/CPU_RESETN_IBUF
    SLICE_X0Y72          LUT1 (Prop_lut1_I0_O)        0.124     4.943 f  rx_baud_gen/FSM_sequential_state[1]_i_2__0/O
                         net (fo=112, routed)         2.416     7.360    tx_baud_gen/count_reg[0]_0
    SLICE_X0Y61          FDCE                                         f  tx_baud_gen/count_reg[5]/CLR
  -------------------------------------------------------------------    -------------------

                         (clock sys_clk_pin rise edge)
                                                      0.000     0.000 r  
    E3                                                0.000     0.000 r  CLK100MHZ (IN)
                         net (fo=0)                   0.000     0.000    CLK100MHZ
    E3                   IBUF (Prop_ibuf_I_O)         1.411     1.411 r  CLK100MHZ_IBUF_inst/O
                         net (fo=1, routed)           1.920     3.331    CLK100MHZ_IBUF
    BUFGCTRL_X0Y16       BUFG (Prop_bufg_I_O)         0.091     3.422 r  CLK100MHZ_IBUF_BUFG_inst/O
                         net (fo=112, routed)         1.602     5.025    tx_baud_gen/CLK
    SLICE_X0Y61          FDCE                                         r  tx_baud_gen/count_reg[5]/C





Min Delay Paths
--------------------------------------------------------------------------------------
Slack:                    inf
  Source:                 SW[3]
                            (input port)
  Destination:            uart_trans/shift_reg_reg[3]/D
                            (rising edge-triggered cell FDCE clocked by sys_clk_pin  {rise@0.000ns fall@5.000ns period=10.000ns})
  Path Group:             (none)
  Path Type:              Hold (Min at Fast Process Corner)
  Data Path Delay:        0.591ns  (logic 0.245ns (41.449%)  route 0.346ns (58.551%))
  Logic Levels:           1  (IBUF=1)
  Clock Path Skew:        2.029ns (DCD - SCD - CPR)
    Destination Clock Delay (DCD):    2.029ns
    Source Clock Delay      (SCD):    0.000ns
    Clock Pessimism Removal (CPR):    -0.000ns

    Location             Delay type                Incr(ns)  Path(ns)    Netlist Resource(s)
  -------------------------------------------------------------------    -------------------
    R15                                               0.000     0.000 r  SW[3] (IN)
                         net (fo=0)                   0.000     0.000    SW[3]
    R15                  IBUF (Prop_ibuf_I_O)         0.245     0.245 r  SW_IBUF[3]_inst/O
                         net (fo=1, routed)           0.346     0.591    uart_trans/D[3]
    SLICE_X0Y72          FDCE                                         r  uart_trans/shift_reg_reg[3]/D
  -------------------------------------------------------------------    -------------------

                         (clock sys_clk_pin rise edge)
                                                      0.000     0.000 r  
    E3                                                0.000     0.000 r  CLK100MHZ (IN)
                         net (fo=0)                   0.000     0.000    CLK100MHZ
    E3                   IBUF (Prop_ibuf_I_O)         0.438     0.438 r  CLK100MHZ_IBUF_inst/O
                         net (fo=1, routed)           0.699     1.136    CLK100MHZ_IBUF
    BUFGCTRL_X0Y16       BUFG (Prop_bufg_I_O)         0.029     1.165 r  CLK100MHZ_IBUF_BUFG_inst/O
                         net (fo=112, routed)         0.864     2.029    uart_trans/CLK
    SLICE_X0Y72          FDCE                                         r  uart_trans/shift_reg_reg[3]/C

Slack:                    inf
  Source:                 SW[4]
                            (input port)
  Destination:            uart_trans/shift_reg_reg[4]/D
                            (rising edge-triggered cell FDCE clocked by sys_clk_pin  {rise@0.000ns fall@5.000ns period=10.000ns})
  Path Group:             (none)
  Path Type:              Hold (Min at Fast Process Corner)
  Data Path Delay:        0.670ns  (logic 0.260ns (38.859%)  route 0.410ns (61.141%))
  Logic Levels:           1  (IBUF=1)
  Clock Path Skew:        2.031ns (DCD - SCD - CPR)
    Destination Clock Delay (DCD):    2.031ns
    Source Clock Delay      (SCD):    0.000ns
    Clock Pessimism Removal (CPR):    -0.000ns

    Location             Delay type                Incr(ns)  Path(ns)    Netlist Resource(s)
  -------------------------------------------------------------------    -------------------
    R17                                               0.000     0.000 r  SW[4] (IN)
                         net (fo=0)                   0.000     0.000    SW[4]
    R17                  IBUF (Prop_ibuf_I_O)         0.260     0.260 r  SW_IBUF[4]_inst/O
                         net (fo=1, routed)           0.410     0.670    uart_trans/D[4]
    SLICE_X0Y70          FDCE                                         r  uart_trans/shift_reg_reg[4]/D
  -------------------------------------------------------------------    -------------------

                         (clock sys_clk_pin rise edge)
                                                      0.000     0.000 r  
    E3                                                0.000     0.000 r  CLK100MHZ (IN)
                         net (fo=0)                   0.000     0.000    CLK100MHZ
    E3                   IBUF (Prop_ibuf_I_O)         0.438     0.438 r  CLK100MHZ_IBUF_inst/O
                         net (fo=1, routed)           0.699     1.136    CLK100MHZ_IBUF
    BUFGCTRL_X0Y16       BUFG (Prop_bufg_I_O)         0.029     1.165 r  CLK100MHZ_IBUF_BUFG_inst/O
                         net (fo=112, routed)         0.866     2.031    uart_trans/CLK
    SLICE_X0Y70          FDCE                                         r  uart_trans/shift_reg_reg[4]/C

Slack:                    inf
  Source:                 SW[6]
                            (input port)
  Destination:            uart_trans/shift_reg_reg[6]/D
                            (rising edge-triggered cell FDCE clocked by sys_clk_pin  {rise@0.000ns fall@5.000ns period=10.000ns})
  Path Group:             (none)
  Path Type:              Hold (Min at Fast Process Corner)
  Data Path Delay:        0.688ns  (logic 0.262ns (38.032%)  route 0.427ns (61.968%))
  Logic Levels:           1  (IBUF=1)
  Clock Path Skew:        2.031ns (DCD - SCD - CPR)
    Destination Clock Delay (DCD):    2.031ns
    Source Clock Delay      (SCD):    0.000ns
    Clock Pessimism Removal (CPR):    -0.000ns

    Location             Delay type                Incr(ns)  Path(ns)    Netlist Resource(s)
  -------------------------------------------------------------------    -------------------
    U18                                               0.000     0.000 r  SW[6] (IN)
                         net (fo=0)                   0.000     0.000    SW[6]
    U18                  IBUF (Prop_ibuf_I_O)         0.262     0.262 r  SW_IBUF[6]_inst/O
                         net (fo=1, routed)           0.427     0.688    uart_trans/D[6]
    SLICE_X0Y70          FDCE                                         r  uart_trans/shift_reg_reg[6]/D
  -------------------------------------------------------------------    -------------------

                         (clock sys_clk_pin rise edge)
                                                      0.000     0.000 r  
    E3                                                0.000     0.000 r  CLK100MHZ (IN)
                         net (fo=0)                   0.000     0.000    CLK100MHZ
    E3                   IBUF (Prop_ibuf_I_O)         0.438     0.438 r  CLK100MHZ_IBUF_inst/O
                         net (fo=1, routed)           0.699     1.136    CLK100MHZ_IBUF
    BUFGCTRL_X0Y16       BUFG (Prop_bufg_I_O)         0.029     1.165 r  CLK100MHZ_IBUF_BUFG_inst/O
                         net (fo=112, routed)         0.866     2.031    uart_trans/CLK
    SLICE_X0Y70          FDCE                                         r  uart_trans/shift_reg_reg[6]/C

Slack:                    inf
  Source:                 BTNC
                            (input port)
  Destination:            btnc_d_reg/D
                            (rising edge-triggered cell FDCE clocked by sys_clk_pin  {rise@0.000ns fall@5.000ns period=10.000ns})
  Path Group:             (none)
  Path Type:              Hold (Min at Fast Process Corner)
  Data Path Delay:        0.785ns  (logic 0.244ns (31.140%)  route 0.541ns (68.860%))
  Logic Levels:           1  (IBUF=1)
  Clock Path Skew:        2.031ns (DCD - SCD - CPR)
    Destination Clock Delay (DCD):    2.031ns
    Source Clock Delay      (SCD):    0.000ns
    Clock Pessimism Removal (CPR):    -0.000ns

    Location             Delay type                Incr(ns)  Path(ns)    Netlist Resource(s)
  -------------------------------------------------------------------    -------------------
    N17                                               0.000     0.000 r  BTNC (IN)
                         net (fo=0)                   0.000     0.000    BTNC
    N17                  IBUF (Prop_ibuf_I_O)         0.244     0.244 r  BTNC_IBUF_inst/O
                         net (fo=4, routed)           0.541     0.785    BTNC_IBUF
    SLICE_X3Y70          FDCE                                         r  btnc_d_reg/D
  -------------------------------------------------------------------    -------------------

                         (clock sys_clk_pin rise edge)
                                                      0.000     0.000 r  
    E3                                                0.000     0.000 r  CLK100MHZ (IN)
                         net (fo=0)                   0.000     0.000    CLK100MHZ
    E3                   IBUF (Prop_ibuf_I_O)         0.438     0.438 r  CLK100MHZ_IBUF_inst/O
                         net (fo=1, routed)           0.699     1.136    CLK100MHZ_IBUF
    BUFGCTRL_X0Y16       BUFG (Prop_bufg_I_O)         0.029     1.165 r  CLK100MHZ_IBUF_BUFG_inst/O
                         net (fo=112, routed)         0.866     2.031    CLK100MHZ_IBUF_BUFG
    SLICE_X3Y70          FDCE                                         r  btnc_d_reg/C

Slack:                    inf
  Source:                 SW[2]
                            (input port)
  Destination:            uart_trans/shift_reg_reg[2]/D
                            (rising edge-triggered cell FDCE clocked by sys_clk_pin  {rise@0.000ns fall@5.000ns period=10.000ns})
  Path Group:             (none)
  Path Type:              Hold (Min at Fast Process Corner)
  Data Path Delay:        0.880ns  (logic 0.253ns (28.750%)  route 0.627ns (71.250%))
  Logic Levels:           1  (IBUF=1)
  Clock Path Skew:        2.029ns (DCD - SCD - CPR)
    Destination Clock Delay (DCD):    2.029ns
    Source Clock Delay      (SCD):    0.000ns
    Clock Pessimism Removal (CPR):    -0.000ns

    Location             Delay type                Incr(ns)  Path(ns)    Netlist Resource(s)
  -------------------------------------------------------------------    -------------------
    M13                                               0.000     0.000 r  SW[2] (IN)
                         net (fo=0)                   0.000     0.000    SW[2]
    M13                  IBUF (Prop_ibuf_I_O)         0.253     0.253 r  SW_IBUF[2]_inst/O
                         net (fo=1, routed)           0.627     0.880    uart_trans/D[2]
    SLICE_X0Y72          FDCE                                         r  uart_trans/shift_reg_reg[2]/D
  -------------------------------------------------------------------    -------------------

                         (clock sys_clk_pin rise edge)
                                                      0.000     0.000 r  
    E3                                                0.000     0.000 r  CLK100MHZ (IN)
                         net (fo=0)                   0.000     0.000    CLK100MHZ
    E3                   IBUF (Prop_ibuf_I_O)         0.438     0.438 r  CLK100MHZ_IBUF_inst/O
                         net (fo=1, routed)           0.699     1.136    CLK100MHZ_IBUF
    BUFGCTRL_X0Y16       BUFG (Prop_bufg_I_O)         0.029     1.165 r  CLK100MHZ_IBUF_BUFG_inst/O
                         net (fo=112, routed)         0.864     2.029    uart_trans/CLK
    SLICE_X0Y72          FDCE                                         r  uart_trans/shift_reg_reg[2]/C

Slack:                    inf
  Source:                 SW[5]
                            (input port)
  Destination:            uart_trans/shift_reg_reg[5]/D
                            (rising edge-triggered cell FDCE clocked by sys_clk_pin  {rise@0.000ns fall@5.000ns period=10.000ns})
  Path Group:             (none)
  Path Type:              Hold (Min at Fast Process Corner)
  Data Path Delay:        0.891ns  (logic 0.265ns (29.754%)  route 0.626ns (70.246%))
  Logic Levels:           1  (IBUF=1)
  Clock Path Skew:        2.031ns (DCD - SCD - CPR)
    Destination Clock Delay (DCD):    2.031ns
    Source Clock Delay      (SCD):    0.000ns
    Clock Pessimism Removal (CPR):    -0.000ns

    Location             Delay type                Incr(ns)  Path(ns)    Netlist Resource(s)
  -------------------------------------------------------------------    -------------------
    T18                                               0.000     0.000 r  SW[5] (IN)
                         net (fo=0)                   0.000     0.000    SW[5]
    T18                  IBUF (Prop_ibuf_I_O)         0.265     0.265 r  SW_IBUF[5]_inst/O
                         net (fo=1, routed)           0.626     0.891    uart_trans/D[5]
    SLICE_X0Y70          FDCE                                         r  uart_trans/shift_reg_reg[5]/D
  -------------------------------------------------------------------    -------------------

                         (clock sys_clk_pin rise edge)
                                                      0.000     0.000 r  
    E3                                                0.000     0.000 r  CLK100MHZ (IN)
                         net (fo=0)                   0.000     0.000    CLK100MHZ
    E3                   IBUF (Prop_ibuf_I_O)         0.438     0.438 r  CLK100MHZ_IBUF_inst/O
                         net (fo=1, routed)           0.699     1.136    CLK100MHZ_IBUF
    BUFGCTRL_X0Y16       BUFG (Prop_bufg_I_O)         0.029     1.165 r  CLK100MHZ_IBUF_BUFG_inst/O
                         net (fo=112, routed)         0.866     2.031    uart_trans/CLK
    SLICE_X0Y70          FDCE                                         r  uart_trans/shift_reg_reg[5]/C

Slack:                    inf
  Source:                 SW[7]
                            (input port)
  Destination:            uart_trans/shift_reg_reg[7]/D
                            (rising edge-triggered cell FDCE clocked by sys_clk_pin  {rise@0.000ns fall@5.000ns period=10.000ns})
  Path Group:             (none)
  Path Type:              Hold (Min at Fast Process Corner)
  Data Path Delay:        0.908ns  (logic 0.275ns (30.353%)  route 0.632ns (69.647%))
  Logic Levels:           1  (IBUF=1)
  Clock Path Skew:        2.031ns (DCD - SCD - CPR)
    Destination Clock Delay (DCD):    2.031ns
    Source Clock Delay      (SCD):    0.000ns
    Clock Pessimism Removal (CPR):    -0.000ns

    Location             Delay type                Incr(ns)  Path(ns)    Netlist Resource(s)
  -------------------------------------------------------------------    -------------------
    R13                                               0.000     0.000 r  SW[7] (IN)
                         net (fo=0)                   0.000     0.000    SW[7]
    R13                  IBUF (Prop_ibuf_I_O)         0.275     0.275 r  SW_IBUF[7]_inst/O
                         net (fo=1, routed)           0.632     0.908    uart_trans/D[7]
    SLICE_X0Y70          FDCE                                         r  uart_trans/shift_reg_reg[7]/D
  -------------------------------------------------------------------    -------------------

                         (clock sys_clk_pin rise edge)
                                                      0.000     0.000 r  
    E3                                                0.000     0.000 r  CLK100MHZ (IN)
                         net (fo=0)                   0.000     0.000    CLK100MHZ
    E3                   IBUF (Prop_ibuf_I_O)         0.438     0.438 r  CLK100MHZ_IBUF_inst/O
                         net (fo=1, routed)           0.699     1.136    CLK100MHZ_IBUF
    BUFGCTRL_X0Y16       BUFG (Prop_bufg_I_O)         0.029     1.165 r  CLK100MHZ_IBUF_BUFG_inst/O
                         net (fo=112, routed)         0.866     2.031    uart_trans/CLK
    SLICE_X0Y70          FDCE                                         r  uart_trans/shift_reg_reg[7]/C

Slack:                    inf
  Source:                 SW[1]
                            (input port)
  Destination:            uart_trans/shift_reg_reg[1]/D
                            (rising edge-triggered cell FDCE clocked by sys_clk_pin  {rise@0.000ns fall@5.000ns period=10.000ns})
  Path Group:             (none)
  Path Type:              Hold (Min at Fast Process Corner)
  Data Path Delay:        0.959ns  (logic 0.247ns (25.797%)  route 0.712ns (74.203%))
  Logic Levels:           1  (IBUF=1)
  Clock Path Skew:        2.029ns (DCD - SCD - CPR)
    Destination Clock Delay (DCD):    2.029ns
    Source Clock Delay      (SCD):    0.000ns
    Clock Pessimism Removal (CPR):    -0.000ns

    Location             Delay type                Incr(ns)  Path(ns)    Netlist Resource(s)
  -------------------------------------------------------------------    -------------------
    L16                                               0.000     0.000 r  SW[1] (IN)
                         net (fo=0)                   0.000     0.000    SW[1]
    L16                  IBUF (Prop_ibuf_I_O)         0.247     0.247 r  SW_IBUF[1]_inst/O
                         net (fo=1, routed)           0.712     0.959    uart_trans/D[1]
    SLICE_X0Y72          FDCE                                         r  uart_trans/shift_reg_reg[1]/D
  -------------------------------------------------------------------    -------------------

                         (clock sys_clk_pin rise edge)
                                                      0.000     0.000 r  
    E3                                                0.000     0.000 r  CLK100MHZ (IN)
                         net (fo=0)                   0.000     0.000    CLK100MHZ
    E3                   IBUF (Prop_ibuf_I_O)         0.438     0.438 r  CLK100MHZ_IBUF_inst/O
                         net (fo=1, routed)           0.699     1.136    CLK100MHZ_IBUF
    BUFGCTRL_X0Y16       BUFG (Prop_bufg_I_O)         0.029     1.165 r  CLK100MHZ_IBUF_BUFG_inst/O
                         net (fo=112, routed)         0.864     2.029    uart_trans/CLK
    SLICE_X0Y72          FDCE                                         r  uart_trans/shift_reg_reg[1]/C

Slack:                    inf
  Source:                 SW[0]
                            (input port)
  Destination:            uart_trans/shift_reg_reg[0]/D
                            (rising edge-triggered cell FDCE clocked by sys_clk_pin  {rise@0.000ns fall@5.000ns period=10.000ns})
  Path Group:             (none)
  Path Type:              Hold (Min at Fast Process Corner)
  Data Path Delay:        0.996ns  (logic 0.245ns (24.643%)  route 0.751ns (75.357%))
  Logic Levels:           1  (IBUF=1)
  Clock Path Skew:        2.029ns (DCD - SCD - CPR)
    Destination Clock Delay (DCD):    2.029ns
    Source Clock Delay      (SCD):    0.000ns
    Clock Pessimism Removal (CPR):    -0.000ns

    Location             Delay type                Incr(ns)  Path(ns)    Netlist Resource(s)
  -------------------------------------------------------------------    -------------------
    J15                                               0.000     0.000 r  SW[0] (IN)
                         net (fo=0)                   0.000     0.000    SW[0]
    J15                  IBUF (Prop_ibuf_I_O)         0.245     0.245 r  SW_IBUF[0]_inst/O
                         net (fo=1, routed)           0.751     0.996    uart_trans/D[0]
    SLICE_X0Y72          FDCE                                         r  uart_trans/shift_reg_reg[0]/D
  -------------------------------------------------------------------    -------------------

                         (clock sys_clk_pin rise edge)
                                                      0.000     0.000 r  
    E3                                                0.000     0.000 r  CLK100MHZ (IN)
                         net (fo=0)                   0.000     0.000    CLK100MHZ
    E3                   IBUF (Prop_ibuf_I_O)         0.438     0.438 r  CLK100MHZ_IBUF_inst/O
                         net (fo=1, routed)           0.699     1.136    CLK100MHZ_IBUF
    BUFGCTRL_X0Y16       BUFG (Prop_bufg_I_O)         0.029     1.165 r  CLK100MHZ_IBUF_BUFG_inst/O
                         net (fo=112, routed)         0.864     2.029    uart_trans/CLK
    SLICE_X0Y72          FDCE                                         r  uart_trans/shift_reg_reg[0]/C

Slack:                    inf
  Source:                 BTNC
                            (input port)
  Destination:            uart_trans/busy_reg/D
                            (rising edge-triggered cell FDCE clocked by sys_clk_pin  {rise@0.000ns fall@5.000ns period=10.000ns})
  Path Group:             (none)
  Path Type:              Hold (Min at Fast Process Corner)
  Data Path Delay:        1.070ns  (logic 0.289ns (27.053%)  route 0.781ns (72.947%))
  Logic Levels:           2  (IBUF=1 LUT6=1)
  Clock Path Skew:        2.031ns (DCD - SCD - CPR)
    Destination Clock Delay (DCD):    2.031ns
    Source Clock Delay      (SCD):    0.000ns
    Clock Pessimism Removal (CPR):    -0.000ns

    Location             Delay type                Incr(ns)  Path(ns)    Netlist Resource(s)
  -------------------------------------------------------------------    -------------------
    N17                                               0.000     0.000 r  BTNC (IN)
                         net (fo=0)                   0.000     0.000    BTNC
    N17                  IBUF (Prop_ibuf_I_O)         0.244     0.244 r  BTNC_IBUF_inst/O
                         net (fo=4, routed)           0.781     1.025    uart_trans/BTNC_IBUF
    SLICE_X2Y70          LUT6 (Prop_lut6_I3_O)        0.045     1.070 r  uart_trans/busy_i_1/O
                         net (fo=1, routed)           0.000     1.070    uart_trans/busy_i_1_n_0
    SLICE_X2Y70          FDCE                                         r  uart_trans/busy_reg/D
  -------------------------------------------------------------------    -------------------

                         (clock sys_clk_pin rise edge)
                                                      0.000     0.000 r  
    E3                                                0.000     0.000 r  CLK100MHZ (IN)
                         net (fo=0)                   0.000     0.000    CLK100MHZ
    E3                   IBUF (Prop_ibuf_I_O)         0.438     0.438 r  CLK100MHZ_IBUF_inst/O
                         net (fo=1, routed)           0.699     1.136    CLK100MHZ_IBUF
    BUFGCTRL_X0Y16       BUFG (Prop_bufg_I_O)         0.029     1.165 r  CLK100MHZ_IBUF_BUFG_inst/O
                         net (fo=112, routed)         0.866     2.031    uart_trans/CLK
    SLICE_X2Y70          FDCE                                         r  uart_trans/busy_reg/C





